n_clusters,ensemble_size,perm_id,ari_vs_prev
4,1,0,1.0
4,2,0,1.0
4,3,0,0.8320523676009424
4,4,0,0.625408132552332
4,5,0,0.8345524347931149
4,6,0,0.796882300960486
4,7,0,0.88153557647426
4,8,0,0.8596174605318067
4,9,0,0.896570264730648
4,10,0,0.9045923626665923
4,11,0,0.9091708746609372
4,12,0,0.9196582019094772
4,13,0,0.9119847837522274
4,14,0,0.8857270806139486
4,15,0,0.933221177786362
4,16,0,0.9349296735526084
4,17,0,0.9498753065594692
4,18,0,0.9516124746654909
4,19,0,0.9540351318207525
4,20,0,0.9637381952254813
4,21,0,0.9468885574464565
4,22,0,0.9494548709452881
4,23,0,0.9452801498603103
4,24,0,0.9492469448740624
4,25,0,0.9722390714536312
4,26,0,0.9625954599411938
4,27,0,0.9739076560533482
4,28,0,0.9761828157751655
4,29,0,0.9641244420574179
4,30,0,0.9595764831756235
4,1,1,1.0
4,2,1,1.0
4,3,1,0.7454812535483624
4,4,1,0.7331823562680594
4,5,1,0.749328187234262
4,6,1,0.7685528972966025
4,7,1,0.85391911863338
4,8,1,0.8745530912865679
4,9,1,0.8755470411427991
4,10,1,0.8511317420967216
4,11,1,0.8743752551222741
4,12,1,0.8812796534579005
4,13,1,0.92888751305932
4,14,1,0.9399349687623357
4,15,1,0.9438211943570357
4,16,1,0.9493886020485084
4,17,1,0.9096811940894275
4,18,1,0.9301384827531937
4,19,1,0.9261755129276907
4,20,1,0.9366888308556268
4,21,1,0.9512543949431193
4,22,1,0.9638374014692286
4,23,1,0.9484121138338377
4,24,1,0.9621137406576521
4,25,1,0.9482228073035107
4,26,1,0.9481302460579183
4,27,1,0.9580783534032131
4,28,1,0.9591225779946719
4,29,1,0.9575694236327955
4,30,1,0.9532349417243154
4,1,2,1.0
4,2,2,1.0
4,3,2,0.9318780488227132
4,4,2,0.7449386595720908
4,5,2,0.8896606769349127
4,6,2,0.7068975480827085
4,7,2,0.7344951924720654
4,8,2,0.7586059543573975
4,9,2,0.8501729797454629
4,10,2,0.886128189624165
4,11,2,0.8297992840406576
4,12,2,0.8907223844623257
4,13,2,0.8997232765024494
4,14,2,0.9115967728277065
4,15,2,0.896162899076677
4,16,2,0.9052887315349527
4,17,2,0.9060003147880724
4,18,2,0.9095005427147662
4,19,2,0.9558771075547836
4,20,2,0.9246797763450499
4,21,2,0.9320298052300444
4,22,2,0.9261371978960588
4,23,2,0.9466772488994096
4,24,2,0.9614131291864555
4,25,2,0.9461168545833234
4,26,2,0.9527778254089388
4,27,2,0.9349353465639625
4,28,2,0.9467018405748839
4,29,2,0.9476766156196499
4,30,2,0.9561025832044124
4,1,3,1.0
4,2,3,1.0
4,3,3,0.8438495107673988
4,4,3,0.5713685390708472
4,5,3,0.822775884144977
4,6,3,0.8497622295327187
4,7,3,0.8764507850089244
4,8,3,0.8638090505605727
4,9,3,0.8950145930589467
4,10,3,0.9282337801934395
4,11,3,0.9208461901015402
4,12,3,0.921357611813876
4,13,3,0.8965968355983072
4,14,3,0.9163223892463732
4,15,3,0.9223500275285731
4,16,3,0.9112964605719595
4,17,3,0.9295526169197017
4,18,3,0.9501859106349599
4,19,3,0.9305800215871508
4,20,3,0.9421665131027248
4,21,3,0.9486197462176547
4,22,3,0.9484759531994158
4,23,3,0.9661746934241778
4,24,3,0.9572432712831047
4,25,3,0.9650091148329017
4,26,3,0.9563429285573358
4,27,3,0.9601055836950046
4,28,3,0.9593291825926703
4,29,3,0.9586122215921062
4,30,3,0.9566474359641041
4,1,4,1.0
4,2,4,1.0
4,3,4,0.8533641521814974
4,4,4,0.707204434401051
4,5,4,0.762530675080891
4,6,4,0.8040078889562297
4,7,4,0.8801908743753002
4,8,4,0.89197742138769
4,9,4,0.8297857108314003
4,10,4,0.8598543638064108
4,11,4,0.8652397277905424
4,12,4,0.8944135221136694
4,13,4,0.9107627846527881
4,14,4,0.9328259055536767
4,15,4,0.9076126329570842
4,16,4,0.886349347970907
4,17,4,0.933680871178765
4,18,4,0.9522596859921684
4,19,4,0.942636210232774
4,20,4,0.9627119495148265
4,21,4,0.9475761228963341
4,22,4,0.9413831028960209
4,23,4,0.9396547830833635
4,24,4,0.9470775973880912
4,25,4,0.9354442009596972
4,26,4,0.9551752067004406
4,27,4,0.9517440702468554
4,28,4,0.9613057519832202
4,29,4,0.9545180605985076
4,30,4,0.9638227809954608
4,1,5,1.0
4,2,5,1.0
4,3,5,0.8097244720179444
4,4,5,0.7277848532527672
4,5,5,0.7271916168467342
4,6,5,0.8046331972423817
4,7,5,0.7812121851189069
4,8,5,0.7968873416560353
4,9,5,0.822803624148438
4,10,5,0.8722826956600968
4,11,5,0.7988780509443864
4,12,5,0.8334155699654547
4,13,5,0.8552623946700516
4,14,5,0.9212731513852992
4,15,5,0.8793597536567386
4,16,5,0.8632205746935779
4,17,5,0.9077695453192562
4,18,5,0.9161291441958518
4,19,5,0.9313173034815968
4,20,5,0.9382691890032666
4,21,5,0.927504011071799
4,22,5,0.9509345700339308
4,23,5,0.9586309347350864
4,24,5,0.943081967760429
4,25,5,0.9592014387035416
4,26,5,0.9580513647359891
4,27,5,0.9438031203087741
4,28,5,0.9606138615441682
4,29,5,0.9583043997676156
4,30,5,0.9434751221370647
4,1,6,1.0
4,2,6,1.0
4,3,6,0.7662697093500617
4,4,6,0.8289467195375866
4,5,6,0.8443523966345877
4,6,6,0.9066110228802552
4,7,6,0.9120660009108708
4,8,6,0.9185837872712982
4,9,6,0.8750998117193485
4,10,6,0.8908662487499739
4,11,6,0.9145371687890264
4,12,6,0.8996814041384046
4,13,6,0.9227096513468155
4,14,6,0.9518714846426413
4,15,6,0.8847087132320322
4,16,6,0.9068617079440388
4,17,6,0.9368027795235542
4,18,6,0.9185017008475754
4,19,6,0.9380797533288511
4,20,6,0.9332590668095326
4,21,6,0.9496156319854665
4,22,6,0.9493145917855661
4,23,6,0.9604059424598577
4,24,6,0.9446934256987488
4,25,6,0.9660188817940922
4,26,6,0.9737485672358601
4,27,6,0.9613673032826021
4,28,6,0.9551062679753772
4,29,6,0.9598497041332942
4,30,6,0.9632698663384702
4,1,7,1.0
4,2,7,1.0
4,3,7,0.8243981584854081
4,4,7,0.7057123956235392
4,5,7,0.8027020939759586
4,6,7,0.7995677111462598
4,7,7,0.7648701906671299
4,8,7,0.7654883338396744
4,9,7,0.8254772586387714
4,10,7,0.8585181080172329
4,11,7,0.8912900847733373
4,12,7,0.8633700368746399
4,13,7,0.9421185654718344
4,14,7,0.8874267711023862
4,15,7,0.9175771638798339
4,16,7,0.9039260097225427
4,17,7,0.8901481504276729
4,18,7,0.9230617151490002
4,19,7,0.9140507974897057
4,20,7,0.9208551219963685
4,21,7,0.9323123859465239
4,22,7,0.9472857340233513
4,23,7,0.9342390783044981
4,24,7,0.9388486276323853
4,25,7,0.9438251504991815
4,26,7,0.9663936493063522
4,27,7,0.9615223377333213
4,28,7,0.9554337679154704
4,29,7,0.9558606695028974
4,30,7,0.9626053188742074
4,1,8,1.0
4,2,8,1.0
4,3,8,0.9116077060425984
4,4,8,0.6058795908070679
4,5,8,0.6720656601702474
4,6,8,0.8261800228082846
4,7,8,0.8647550405716299
4,8,8,0.7770628802298634
4,9,8,0.8392809272434592
4,10,8,0.789574863214354
4,11,8,0.9059509753856708
4,12,8,0.8833689654075645
4,13,8,0.9179062167047277
4,14,8,0.9023281620781756
4,15,8,0.9493407815170932
4,16,8,0.9340712672073432
4,17,8,0.9270724981480725
4,18,8,0.8821550266118
4,19,8,0.9430103179548041
4,20,8,0.9366919210518729
4,21,8,0.9272122832992954
4,22,8,0.946287524718306
4,23,8,0.9265721758549094
4,24,8,0.9405829889309844
4,25,8,0.9598142950201467
4,26,8,0.9598003313962734
4,27,8,0.9509289731205889
4,28,8,0.9565153658068587
4,29,8,0.9468145867592568
4,30,8,0.9499094559576322
4,1,9,1.0
4,2,9,1.0
4,3,9,0.8531672509647789
4,4,9,0.7872384942470438
4,5,9,0.8359818756949765
4,6,9,0.7631841336600675
4,7,9,0.7851743354942167
4,8,9,0.84150242762048
4,9,9,0.8313305560581599
4,10,9,0.8731243242535687
4,11,9,0.910626024425599
4,12,9,0.8747454392900649
4,13,9,0.8840995443981773
4,14,9,0.9075945416467723
4,15,9,0.8751970666341765
4,16,9,0.9078048228690785
4,17,9,0.9341726530644572
4,18,9,0.9596364674676368
4,19,9,0.9307033987507092
4,20,9,0.9542629617035289
4,21,9,0.9504892914982324
4,22,9,0.9278632848553704
4,23,9,0.9517585001996345
4,24,9,0.9583535460655024
4,25,9,0.9603790365403485
4,26,9,0.9620529598194356
4,27,9,0.9514921115747159
4,28,9,0.9530063214153165
4,29,9,0.9519753319539996
4,30,9,0.9595812315258104
4,1,10,1.0
4,2,10,1.0
4,3,10,0.5853740933242635
4,4,10,0.5115137658437635
4,5,10,0.7025925314068375
4,6,10,0.8430254584113736
4,7,10,0.8535869580430898
4,8,10,0.9042436071050401
4,9,10,0.9013775682606439
4,10,10,0.8887028190431006
4,11,10,0.9017518831244722
4,12,10,0.8905769426983245
4,13,10,0.9141120222503073
4,14,10,0.9131567236681909
4,15,10,0.8809303754298295
4,16,10,0.8954849799170224
4,17,10,0.8982379978155547
4,18,10,0.9639073223971893
4,19,10,0.9607772088774389
4,20,10,0.9576381871201971
4,21,10,0.961188577351351
4,22,10,0.9598186382819545
4,23,10,0.9603144446106442
4,24,10,0.9651487542469451
4,25,10,0.9554267666331648
4,26,10,0.9487570114267304
4,27,10,0.9492555062936692
4,28,10,0.9510813937207869
4,29,10,0.9550823884886382
4,30,10,0.9510730476670641
4,1,11,1.0
4,2,11,1.0
4,3,11,0.8159053179878345
4,4,11,0.8073209298495319
4,5,11,0.9036081415929419
4,6,11,0.926696412192219
4,7,11,0.9405815558435422
4,8,11,0.9539596468045736
4,9,11,0.9517474300003295
4,10,11,0.9554064330889792
4,11,11,0.9416146353638325
4,12,11,0.9486139168721365
4,13,11,0.9450000217772451
4,14,11,0.9522200215599386
4,15,11,0.960913142732312
4,16,11,0.9599972479125216
4,17,11,0.9693834212941637
4,18,11,0.9630366066389069
4,19,11,0.9553188437232418
4,20,11,0.9651462358121685
4,21,11,0.9663589259109703
4,22,11,0.9689314199957431
4,23,11,0.960588660392438
4,24,11,0.9626057467671802
4,25,11,0.9663202828431869
4,26,11,0.965657893496991
4,27,11,0.9562751463073726
4,28,11,0.9515578752264707
4,29,11,0.9666677869383152
4,30,11,0.9671772814280166
4,1,12,1.0
4,2,12,1.0
4,3,12,0.8017357350637957
4,4,12,0.9233747965652532
4,5,12,0.7905793713220894
4,6,12,0.7945108121532591
4,7,12,0.8233923017078099
4,8,12,0.9455153675376929
4,9,12,0.9148073050018276
4,10,12,0.9084745852321524
4,11,12,0.9322760169342752
4,12,12,0.9295401289474677
4,13,12,0.969228340753952
4,14,12,0.920609059660248
4,15,12,0.9295225439710403
4,16,12,0.9190249744169126
4,17,12,0.9381627578861438
4,18,12,0.9526078698939451
4,19,12,0.937659749006155
4,20,12,0.9743028526382823
4,21,12,0.944979609080469
4,22,12,0.9568878054655033
4,23,12,0.9652782408926474
4,24,12,0.9591440970744493
4,25,12,0.9701179978658316
4,26,12,0.9660443342714569
4,27,12,0.9769215340173604
4,28,12,0.9646681907640022
4,29,12,0.9738266410448572
4,30,12,0.9698304501171232
4,1,13,1.0
4,2,13,1.0
4,3,13,0.8834609974919019
4,4,13,0.673430004868662
4,5,13,0.8064167762156447
4,6,13,0.852670898831539
4,7,13,0.8504590748456735
4,8,13,0.9151073773445038
4,9,13,0.910195179623423
4,10,13,0.9319224261643688
4,11,13,0.9416791911947351
4,12,13,0.939835762894754
4,13,13,0.9435359604823286
4,14,13,0.9420657862856241
4,15,13,0.9502870864977558
4,16,13,0.9523320677860481
4,17,13,0.95238166390508
4,18,13,0.9412642564476998
4,19,13,0.9315169285865575
4,20,13,0.9498723360101899
4,21,13,0.9396683367641535
4,22,13,0.966656350169503
4,23,13,0.9569629575095039
4,24,13,0.9660451945970225
4,25,13,0.9625875142529162
4,26,13,0.9752324738002215
4,27,13,0.9614361471221162
4,28,13,0.9518416915753996
4,29,13,0.9642092601992938
4,30,13,0.9612781814278608
4,1,14,1.0
4,2,14,1.0
4,3,14,0.7008455023761634
4,4,14,0.7336840302198041
4,5,14,0.6251990634807704
4,6,14,0.5528993277829974
4,7,14,0.7780061886392143
4,8,14,0.7870096264269655
4,9,14,0.854101814523917
4,10,14,0.8890565451955227
4,11,14,0.8903414903281485
4,12,14,0.8724513130775735
4,13,14,0.867202482646377
4,14,14,0.9386184772372279
4,15,14,0.9398940137061095
4,16,14,0.9622553381002098
4,17,14,0.9431277229967678
4,18,14,0.949172925874567
4,19,14,0.9493931366281175
4,20,14,0.9627803162065486
4,21,14,0.9491442941732613
4,22,14,0.9497564641665263
4,23,14,0.9444601300577252
4,24,14,0.9537426827096769
4,25,14,0.9401306787788288
4,26,14,0.9618002793440467
4,27,14,0.9587197951703955
4,28,14,0.958304973778468
4,29,14,0.9654827708508207
4,30,14,0.9675578481212056
4,1,15,1.0
4,2,15,1.0
4,3,15,0.8385027668190431
4,4,15,0.6281644522880709
4,5,15,0.45635269450505483
4,6,15,0.8317926484621786
4,7,15,0.7435356639945804
4,8,15,0.82660707433629
4,9,15,0.8846101205335616
4,10,15,0.8777021477009446
4,11,15,0.8737057289512443
4,12,15,0.9164078121351591
4,13,15,0.8937110472994532
4,14,15,0.915837044417526
4,15,15,0.9124051898279896
4,16,15,0.9406979452592161
4,17,15,0.9238443235269511
4,18,15,0.9316966407700786
4,19,15,0.9537331325545365
4,20,15,0.9108705497966293
4,21,15,0.9503511416684824
4,22,15,0.9333443940881008
4,23,15,0.948053072462544
4,24,15,0.9433456325301489
4,25,15,0.9508252996293087
4,26,15,0.9463032854401366
4,27,15,0.9497190489283525
4,28,15,0.9443376620875591
4,29,15,0.9194951334990551
4,30,15,0.9319653359017218
4,1,16,1.0
4,2,16,1.0
4,3,16,0.4661256602174898
4,4,16,0.7273354212603996
4,5,16,0.6196380144143853
4,6,16,0.666966712704479
4,7,16,0.6401460470985979
4,8,16,0.7617298775061756
4,9,16,0.8297535485229502
4,10,16,0.861788480975746
4,11,16,0.8694694826914714
4,12,16,0.918272278842313
4,13,16,0.9148750418516647
4,14,16,0.9005993282779032
4,15,16,0.8994192324546489
4,16,16,0.9270162185492353
4,17,16,0.9402391766040307
4,18,16,0.8993214402210946
4,19,16,0.9255137812748396
4,20,16,0.9143223401186469
4,21,16,0.9246619877958036
4,22,16,0.9170941508295403
4,23,16,0.931749380718465
4,24,16,0.953234648506941
4,25,16,0.9431631049383459
4,26,16,0.9560442750523882
4,27,16,0.9509641412193331
4,28,16,0.9591228422560572
4,29,16,0.9507528078573586
4,30,16,0.939566954575336
4,1,17,1.0
4,2,17,1.0
4,3,17,0.7920293517578341
4,4,17,0.6926187714617833
4,5,17,0.6087226658316333
4,6,17,0.6172965025035616
4,7,17,0.6517294219937194
4,8,17,0.8758081049131299
4,9,17,0.8404083727424919
4,10,17,0.9133891493813701
4,11,17,0.9045698670667762
4,12,17,0.8928118944881783
4,13,17,0.9142908616576021
4,14,17,0.8774942419188457
4,15,17,0.9064626656845597
4,16,17,0.9429317806793639
4,17,17,0.9228118173557647
4,18,17,0.9186961915130146
4,19,17,0.9084305080799474
4,20,17,0.9531876270304475
4,21,17,0.9458333565805643
4,22,17,0.9356303317509207
4,23,17,0.9459023385738242
4,24,17,0.9314279674848778
4,25,17,0.9621370196648219
4,26,17,0.9475068845870269
4,27,17,0.9576349158591654
4,28,17,0.9519051792176416
4,29,17,0.9591635798291316
4,30,17,0.9562774483403851
4,1,18,1.0
4,2,18,1.0
4,3,18,0.4883581863623505
4,4,18,0.6639054705935755
4,5,18,0.7451616936350393
4,6,18,0.7465300707101602
4,7,18,0.7749899637170764
4,8,18,0.7642040912022027
4,9,18,0.8340871907487712
4,10,18,0.8110557416207514
4,11,18,0.8473643256506534
4,12,18,0.8308032998610863
4,13,18,0.9096057503160814
4,14,18,0.9104725611375775
4,15,18,0.9259679126691472
4,16,18,0.915628515269718
4,17,18,0.9351097072896339
4,18,18,0.9075514513459516
4,19,18,0.9035691374432452
4,20,18,0.9205649615007471
4,21,18,0.9451044600733889
4,22,18,0.9339515694022863
4,23,18,0.9522087304018053
4,24,18,0.9528022230478962
4,25,18,0.9464356778631057
4,26,18,0.9476753898629139
4,27,18,0.9492182341279713
4,28,18,0.9384213491289094
4,29,18,0.9580694420082417
4,30,18,0.963729076701903
4,1,19,1.0
4,2,19,1.0
4,3,19,0.4475916762076325
4,4,19,0.8252403408801575
4,5,19,0.7329339725132942
4,6,19,0.8519204123849192
4,7,19,0.8245734810526124
4,8,19,0.596508353634915
4,9,19,0.8596922324444152
4,10,19,0.8248229363825909
4,11,19,0.8212106753574975
4,12,19,0.8904959250851093
4,13,19,0.9080294409307997
4,14,19,0.8993937298450914
4,15,19,0.9215128556256587
4,16,19,0.9281351725240098
4,17,19,0.9385649133677516
4,18,19,0.9333740517640199
4,19,19,0.9416991437483617
4,20,19,0.921834010278656
4,21,19,0.9548010404332685
4,22,19,0.9391786975626971
4,23,19,0.9542076528188197
4,24,19,0.9608536974283162
4,25,19,0.947127443414482
4,26,19,0.9606583665852964
4,27,19,0.9560135661728576
4,28,19,0.9577891335458082
4,29,19,0.9617637778612335
4,30,19,0.9652237923831833
4,1,20,1.0
4,2,20,1.0
4,3,20,0.7354144596275605
4,4,20,0.8465694466713747
4,5,20,0.9064577393219305
4,6,20,0.8830690368059297
4,7,20,0.9092836186299164
4,8,20,0.9019017374312684
4,9,20,0.9141265809923969
4,10,20,0.9530377151519694
4,11,20,0.9475477386980983
4,12,20,0.9655299002806235
4,13,20,0.9406905874395045
4,14,20,0.9493487828191705
4,15,20,0.9510211223942729
4,16,20,0.9717021134615427
4,17,20,0.9615875673547379
4,18,20,0.9577964129758285
4,19,20,0.9515072817222049
4,20,20,0.9513371996612492
4,21,20,0.9537977824405462
4,22,20,0.9712425895826778
4,23,20,0.9587925723268429
4,24,20,0.9534324173368837
4,25,20,0.9674331043973832
4,26,20,0.9566734617604563
4,27,20,0.9655022320348459
4,28,20,0.9549840144335003
4,29,20,0.9562551817016203
4,30,20,0.9708469396676995
4,1,21,1.0
4,2,21,1.0
4,3,21,0.6622893358880969
4,4,21,0.7569025980257988
4,5,21,0.6078887254614566
4,6,21,0.727828695311549
4,7,21,0.8174980607014111
4,8,21,0.8238859078581363
4,9,21,0.8364632456714329
4,10,21,0.8637171909874991
4,11,21,0.8799040680872589
4,12,21,0.9104953808732105
4,13,21,0.882085576845251
4,14,21,0.9203714716427516
4,15,21,0.8939144394846792
4,16,21,0.933704463615954
4,17,21,0.9061549568878269
4,18,21,0.9442975793836886
4,19,21,0.953937967915526
4,20,21,0.9457573876226074
4,21,21,0.965910100707503
4,22,21,0.9563764404705567
4,23,21,0.9551456192806451
4,24,21,0.9656492723243177
4,25,21,0.9581923091665159
4,26,21,0.9659901519361535
4,27,21,0.9606026083831504
4,28,21,0.9719859856774005
4,29,21,0.9672012630684863
4,30,21,0.9636549696230778
4,1,22,1.0
4,2,22,1.0
4,3,22,0.7879940732990008
4,4,22,0.819000719353311
4,5,22,0.9155584236337477
4,6,22,0.9323334074894921
4,7,22,0.9151585708550637
4,8,22,0.951925057263892
4,9,22,0.9228829130837647
4,10,22,0.9156010572632064
4,11,22,0.9267248773531224
4,12,22,0.9136592079311803
4,13,22,0.9142773594939287
4,14,22,0.9453312934474492
4,15,22,0.9276782182702318
4,16,22,0.9254181351310885
4,17,22,0.9307733660015417
4,18,22,0.9411311165625355
4,19,22,0.9580238662776006
4,20,22,0.9539739445620141
4,21,22,0.9437511687038953
4,22,22,0.9468901279337019
4,23,22,0.950640948972935
4,24,22,0.9636980179791529
4,25,22,0.9395388681299555
4,26,22,0.9532614004188401
4,27,22,0.9520290740758667
4,28,22,0.9551030463662953
4,29,22,0.9705369584725798
4,30,22,0.9514160406727243
4,1,23,1.0
4,2,23,1.0
4,3,23,0.8531672509647789
4,4,23,0.7872384942470438
4,5,23,0.801593578193437
4,6,23,0.8409118888637885
4,7,23,0.8911971032455271
4,8,23,0.893290334033878
4,9,23,0.8869663691791845
4,10,23,0.8575777280087324
4,11,23,0.9291530926115341
4,12,23,0.8992618899975591
4,13,23,0.920995115265748
4,14,23,0.9180669625267882
4,15,23,0.9376488532290391
4,16,23,0.9176540054507177
4,17,23,0.9404052892816972
4,18,23,0.9469266774015298
4,19,23,0.949554534773563
4,20,23,0.9570100594150373
4,21,23,0.9493160228662078
4,22,23,0.9643827202307429
4,23,23,0.9571792132432064
4,24,23,0.9703913949330395
4,25,23,0.9631315094527282
4,26,23,0.9544348543524244
4,27,23,0.966441796728025
4,28,23,0.9632089910214305
4,29,23,0.9612285316132586
4,30,23,0.9578865176635021
4,1,24,1.0
4,2,24,1.0
4,3,24,0.8531385622683643
4,4,24,0.8245900627965551
4,5,24,0.782173793687145
4,6,24,0.708291585969301
4,7,24,0.8369867599289709
4,8,24,0.9012643448933609
4,9,24,0.8661763072521731
4,10,24,0.9115227756409746
4,11,24,0.9008711240209427
4,12,24,0.8942901572326972
4,13,24,0.8929119000683833
4,14,24,0.9233543827432322
4,15,24,0.9260774699951835
4,16,24,0.9373679459935245
4,17,24,0.9388334810999331
4,18,24,0.9172649555891259
4,19,24,0.9296576370005485
4,20,24,0.9247925404178926
4,21,24,0.9417871161933523
4,22,24,0.9268348426369899
4,23,24,0.933505992998479
4,24,24,0.9375390868203903
4,25,24,0.9295036033087228
4,26,24,0.9522877969608302
4,27,24,0.9508550456787483
4,28,24,0.9459601393926204
4,29,24,0.9672381886841667
4,30,24,0.9570629234373162
4,1,25,1.0
4,2,25,1.0
4,3,25,0.7391840196756243
4,4,25,0.7030478516658308
4,5,25,0.7463519968749518
4,6,25,0.7239414373844123
4,7,25,0.812391732937936
4,8,25,0.661712454595731
4,9,25,0.8026751620781367
4,10,25,0.7517588248391008
4,11,25,0.8408999586113036
4,12,25,0.8819845952862498
4,13,25,0.8910279853426575
4,14,25,0.8911877491670961
4,15,25,0.9280398475608861
4,16,25,0.9307085399633062
4,17,25,0.9015089461121792
4,18,25,0.9259460437337843
4,19,25,0.9411994639085618
4,20,25,0.9532911797751842
4,21,25,0.9432002387847718
4,22,25,0.9509552605817725
4,23,25,0.9571012888466495
4,24,25,0.962641972036507
4,25,25,0.9671725372352769
4,26,25,0.9505870912911578
4,27,25,0.964224664136947
4,28,25,0.9680495513053863
4,29,25,0.9702302157346447
4,30,25,0.9691634316902502
4,1,26,1.0
4,2,26,1.0
4,3,26,0.840199810262967
4,4,26,0.9142928252038184
4,5,26,0.76623342227509
4,6,26,0.8345225592076304
4,7,26,0.5688870320512442
4,8,26,0.8839108470515968
4,9,26,0.8892345950922111
4,10,26,0.8815296918607777
4,11,26,0.9185664897290787
4,12,26,0.9083199348758381
4,13,26,0.9380720815101837
4,14,26,0.9548315036676448
4,15,26,0.9343623945295405
4,16,26,0.9286944977718555
4,17,26,0.9502371647909424
4,18,26,0.9422095907767354
4,19,26,0.9458509395424458
4,20,26,0.9533187734967314
4,21,26,0.9634206464118641
4,22,26,0.9574352373636751
4,23,26,0.9503030995816978
4,24,26,0.9606765219149632
4,25,26,0.9583119650739301
4,26,26,0.9685254075985087
4,27,26,0.9604632748987918
4,28,26,0.9558571235082279
4,29,26,0.9627347293480444
4,30,26,0.9583512037415105
4,1,27,1.0
4,2,27,1.0
4,3,27,0.3063445327015677
4,4,27,0.6723839870627176
4,5,27,0.6500785868693421
4,6,27,0.7318254923213722
4,7,27,0.7656376826364101
4,8,27,0.8336151761943894
4,9,27,0.8611945628485244
4,10,27,0.853450905184309
4,11,27,0.8700792230614105
4,12,27,0.904700779577977
4,13,27,0.9025287613288713
4,14,27,0.8632157352563686
4,15,27,0.8903446434805837
4,16,27,0.886170299274866
4,17,27,0.9248174646254624
4,18,27,0.9266853640635663
4,19,27,0.9045391619692275
4,20,27,0.9548169976931052
4,21,27,0.9375967516875767
4,22,27,0.9589152805707747
4,23,27,0.947972153878529
4,24,27,0.9616751165642534
4,25,27,0.9557240440057168
4,26,27,0.9660714638023483
4,27,27,0.9518458119432667
4,28,27,0.9640391235583248
4,29,27,0.9633864915715808
4,30,27,0.9623542835693563
4,1,28,1.0
4,2,28,1.0
4,3,28,0.7685114596312972
4,4,28,0.7936215452888412
4,5,28,0.7920434225164934
4,6,28,0.8083616898249458
4,7,28,0.6645053284914991
4,8,28,0.8038023973323992
4,9,28,0.8000491472393757
4,10,28,0.7633100286551884
4,11,28,0.8624938826794281
4,12,28,0.8555505071693251
4,13,28,0.871697893416998
4,14,28,0.9205221188775826
4,15,28,0.927737101802685
4,16,28,0.9070568953814906
4,17,28,0.9271691748327784
4,18,28,0.9204239283709441
4,19,28,0.9423845435800491
4,20,28,0.9560946778588729
4,21,28,0.9377539625809431
4,22,28,0.9259078299982357
4,23,28,0.9342357080295628
4,24,28,0.9414025883358683
4,25,28,0.9397805741933556
4,26,28,0.9437534160562513
4,27,28,0.9557807854802388
4,28,28,0.9642404111218137
4,29,28,0.9564050277457511
4,30,28,0.9646699446097875
4,1,29,1.0
4,2,29,1.0
4,3,29,0.6287205465039116
4,4,29,0.628412044798519
4,5,29,0.7049704314956525
4,6,29,0.7983169107600879
4,7,29,0.8495967161348523
4,8,29,0.8953842076993278
4,9,29,0.7920318584050062
4,10,29,0.9007182888950358
4,11,29,0.8908407622783232
4,12,29,0.9019879246058231
4,13,29,0.9066788958856419
4,14,29,0.928275147656139
4,15,29,0.9362209360606201
4,16,29,0.9380537774159123
4,17,29,0.9461995121067157
4,18,29,0.9113059742579313
4,19,29,0.8853168500700174
4,20,29,0.9429510683147899
4,21,29,0.9379407408925993
4,22,29,0.9383847050237876
4,23,29,0.9613288133443847
4,24,29,0.9694560802916048
4,25,29,0.9608701298912138
4,26,29,0.9466806000563016
4,27,29,0.9666785408600832
4,28,29,0.964691152850941
4,29,29,0.9580596880821859
4,30,29,0.9585881683510508
4,1,30,1.0
4,2,30,1.0
4,3,30,0.876115134338932
4,4,30,0.7489814990379997
4,5,30,0.8372952145701071
4,6,30,0.8642808406306998
4,7,30,0.6546327836509451
4,8,30,0.88852405273746
4,9,30,0.90468292560555
4,10,30,0.9171439655872266
4,11,30,0.9277346403948362
4,12,30,0.9367449591896082
4,13,30,0.9220534351942113
4,14,30,0.9187268184983833
4,15,30,0.9275814346389916
4,16,30,0.9160519064341515
4,17,30,0.911997054263981
4,18,30,0.917467328825826
4,19,30,0.9311671667998155
4,20,30,0.9378092821858024
4,21,30,0.9611291658116102
4,22,30,0.9341525345902034
4,23,30,0.9474906612691139
4,24,30,0.9615696495256274
4,25,30,0.9541996347666278
4,26,30,0.9356334808978847
4,27,30,0.9627914926157207
4,28,30,0.9610132195064587
4,29,30,0.9588570924166242
4,30,30,0.9627084428758232
4,1,31,1.0
4,2,31,1.0
4,3,31,0.8762860900280227
4,4,31,0.8893321761821132
4,5,31,0.8441966687340725
4,6,31,0.7529865590208598
4,7,31,0.7937700546823573
4,8,31,0.8262977031808535
4,9,31,0.8521153111721659
4,10,31,0.8793522719903624
4,11,31,0.9165284850835982
4,12,31,0.8692344110080591
4,13,31,0.9246099225753476
4,14,31,0.8574133747442566
4,15,31,0.8678128107916372
4,16,31,0.9253801680075303
4,17,31,0.9283208284437628
4,18,31,0.9278614468067391
4,19,31,0.9347004521083695
4,20,31,0.9310719866564153
4,21,31,0.9176649581029221
4,22,31,0.938281882876192
4,23,31,0.9362200871021149
4,24,31,0.9479629365235519
4,25,31,0.9415334024840061
4,26,31,0.934517204591268
4,27,31,0.927413735242471
4,28,31,0.9427780569306754
4,29,31,0.9454930844660014
4,30,31,0.9392470147239066
4,1,32,1.0
4,2,32,1.0
4,3,32,0.6796313671100414
4,4,32,0.8552701621047241
4,5,32,0.702240773985377
4,6,32,0.7941680056695245
4,7,32,0.7947853924576304
4,8,32,0.7956524455852917
4,9,32,0.8759134727983989
4,10,32,0.8769689767730822
4,11,32,0.8964660021340052
4,12,32,0.9325058125406894
4,13,32,0.9237003041471613
4,14,32,0.9366179423451313
4,15,32,0.9562818987757083
4,16,32,0.9544986738360783
4,17,32,0.9615110458059803
4,18,32,0.9584472619904154
4,19,32,0.960629807023475
4,20,32,0.9579531028097152
4,21,32,0.9632000913052686
4,22,32,0.9647286686834455
4,23,32,0.9636973002144892
4,24,32,0.9745141117192404
4,25,32,0.9689941819716583
4,26,32,0.9643159141385338
4,27,32,0.9559989437207904
4,28,32,0.9661732498145634
4,29,32,0.976864022266311
4,30,32,0.9587883598266852
4,1,33,1.0
4,2,33,1.0
4,3,33,0.7825960268684362
4,4,33,0.8360576672423997
4,5,33,0.794526577669848
4,6,33,0.8424909586229657
4,7,33,0.8447527491423565
4,8,33,0.8217382024103069
4,9,33,0.8619003235605522
4,10,33,0.8808625988990115
4,11,33,0.9273108129776632
4,12,33,0.9268575747847624
4,13,33,0.92174381183236
4,14,33,0.9028487176738318
4,15,33,0.9142033028718939
4,16,33,0.9094600571008165
4,17,33,0.8934873394861106
4,18,33,0.9106027780392588
4,19,33,0.9161455953167983
4,20,33,0.9047104898702156
4,21,33,0.9369207808374052
4,22,33,0.9022568926127851
4,23,33,0.9206708683796949
4,24,33,0.9160734477233765
4,25,33,0.9538758241554242
4,26,33,0.9254337138465464
4,27,33,0.9366920710240959
4,28,33,0.932248463368129
4,29,33,0.895297380264195
4,30,33,0.9454861422603577
4,1,34,1.0
4,2,34,1.0
4,3,34,0.7919696865790911
4,4,34,0.5778004464961612
4,5,34,0.7136329726824843
4,6,34,0.8289569706947583
4,7,34,0.7244439502592481
4,8,34,0.7448118057319703
4,9,34,0.7852854329023836
4,10,34,0.8000979144991708
4,11,34,0.8226231816648829
4,12,34,0.8720150250506674
4,13,34,0.8652023473861046
4,14,34,0.8155261892710005
4,15,34,0.79961216881471
4,16,34,0.8198949895872951
4,17,34,0.7990546953936376
4,18,34,0.8575442468762586
4,19,34,0.8227128773552537
4,20,34,0.8105487781559483
4,21,34,0.8485557134142889
4,22,34,0.913263935814638
4,23,34,0.8703113732978505
4,24,34,0.8832636232759817
4,25,34,0.9162422358369336
4,26,34,0.8873442083227296
4,27,34,0.9087615040296588
4,28,34,0.9488499980631396
4,29,34,0.9235625251997336
4,30,34,0.943871096655006
4,1,35,1.0
4,2,35,1.0
4,3,35,0.6943605137248845
4,4,35,0.9106546472873095
4,5,35,0.8110729502600946
4,6,35,0.9396640863239615
4,7,35,0.8850974220609024
4,8,35,0.8891970179599868
4,9,35,0.9157052541658632
4,10,35,0.9038094496625876
4,11,35,0.8976728310046871
4,12,35,0.9046907526191074
4,13,35,0.9373951815614225
4,14,35,0.9255189030837375
4,15,35,0.9366871574745641
4,16,35,0.9550355990584598
4,17,35,0.9460439767393937
4,18,35,0.968723424507057
4,19,35,0.9651845707209943
4,20,35,0.9705035289509185
4,21,35,0.949342135144606
4,22,35,0.9572808253267928
4,23,35,0.9572590110951549
4,24,35,0.9616582348817667
4,25,35,0.9683061143187586
4,26,35,0.9717669470981393
4,27,35,0.9597116787807966
4,28,35,0.9598893504936707
4,29,35,0.9654800097673092
4,30,35,0.971933175673557
4,1,36,1.0
4,2,36,1.0
4,3,36,0.6277649782543733
4,4,36,0.7379525309285135
4,5,36,0.8459038483470551
4,6,36,0.8083860985649476
4,7,36,0.7018305700386746
4,8,36,0.7609348859184688
4,9,36,0.8650651043020294
4,10,36,0.8784702459694205
4,11,36,0.9014147120830155
4,12,36,0.8985509675365704
4,13,36,0.9289248827223487
4,14,36,0.9090888720859105
4,15,36,0.9390964202356525
4,16,36,0.941614129400937
4,17,36,0.9499049123687231
4,18,36,0.9369874107928345
4,19,36,0.9467047840804969
4,20,36,0.9401416506097655
4,21,36,0.9521413959035725
4,22,36,0.9513328058731239
4,23,36,0.9324950833783409
4,24,36,0.9696918193251512
4,25,36,0.9386617717047413
4,26,36,0.9695615803935528
4,27,36,0.9701469241261375
4,28,36,0.9596543429758455
4,29,36,0.9729846191819482
4,30,36,0.9716678848554702
4,1,37,1.0
4,2,37,1.0
4,3,37,0.5691440640209732
4,4,37,0.7732028020649925
4,5,37,0.6887347361987814
4,6,37,0.6819095154571968
4,7,37,0.7347000238921911
4,8,37,0.8101931677225538
4,9,37,0.8666249726548428
4,10,37,0.8714508636799465
4,11,37,0.9189713389185526
4,12,37,0.8641793025747444
4,13,37,0.869059612746157
4,14,37,0.8669556737411781
4,15,37,0.9111186978288732
4,16,37,0.9399848734572583
4,17,37,0.8850558601587283
4,18,37,0.9480689147330573
4,19,37,0.9266167275769155
4,20,37,0.9309552897722808
4,21,37,0.9466232782446841
4,22,37,0.9439682558176578
4,23,37,0.9654227027472874
4,24,37,0.9731199802671361
4,25,37,0.9647741340586632
4,26,37,0.9633077136839023
4,27,37,0.9597451896435687
4,28,37,0.9630858729808264
4,29,37,0.9650773935252498
4,30,37,0.9669254142252983
4,1,38,1.0
4,2,38,1.0
4,3,38,0.8329849403358203
4,4,38,0.7566076433278482
4,5,38,0.7040533035034497
4,6,38,0.7681587682350193
4,7,38,0.8258947464009415
4,8,38,0.8502156860448491
4,9,38,0.8165575698650446
4,10,38,0.8520776864960034
4,11,38,0.8140485592631799
4,12,38,0.890108503939038
4,13,38,0.8873579364283563
4,14,38,0.8683030358284318
4,15,38,0.8713609091338591
4,16,38,0.9329093617777515
4,17,38,0.9283284030057583
4,18,38,0.9319964502966708
4,19,38,0.9414047841159323
4,20,38,0.9388733443697644
4,21,38,0.9412683961063132
4,22,38,0.9344703871683715
4,23,38,0.9321740624384516
4,24,38,0.9485804927054212
4,25,38,0.9326358188610059
4,26,38,0.9205028323657716
4,27,38,0.9446869846116379
4,28,38,0.9568084479999175
4,29,38,0.9483946080483027
4,30,38,0.9509334476067709
4,1,39,1.0
4,2,39,1.0
4,3,39,0.9413687671983066
4,4,39,0.7135593607980704
4,5,39,0.6938907526000111
4,6,39,0.8320893472354922
4,7,39,0.642570611937401
4,8,39,0.6078464822463523
4,9,39,0.7856420360799715
4,10,39,0.7779290090924283
4,11,39,0.8945237338000209
4,12,39,0.9044993814751542
4,13,39,0.930263319001875
4,14,39,0.916834729327432
4,15,39,0.9294766432615515
4,16,39,0.954837543828937
4,17,39,0.9379253030683468
4,18,39,0.9402107384624704
4,19,39,0.9511816184345525
4,20,39,0.9530530588320578
4,21,39,0.9530571318287523
4,22,39,0.9546954499200272
4,23,39,0.9559024100500078
4,24,39,0.9491553256408017
4,25,39,0.9465628199667745
4,26,39,0.9660778883960681
4,27,39,0.9625938727610134
4,28,39,0.9719935553324408
4,29,39,0.9695177222148901
4,30,39,0.9667464749911016
4,1,40,1.0
4,2,40,1.0
4,3,40,0.26474207359499746
4,4,40,0.5788681136264652
4,5,40,0.7508969041813577
4,6,40,0.7772707701814136
4,7,40,0.7171114274884214
4,8,40,0.7784130813806356
4,9,40,0.8443080817932229
4,10,40,0.8754967788225541
4,11,40,0.879561262183402
4,12,40,0.8507678629693074
4,13,40,0.8818348835167633
4,14,40,0.855986750020549
4,15,40,0.8916849630195345
4,16,40,0.9092448501340404
4,17,40,0.9216257679087659
4,18,40,0.9340272800497833
4,19,40,0.9398243726524305
4,20,40,0.9519328402379036
4,21,40,0.921765050602561
4,22,40,0.9256068450173977
4,23,40,0.9162757126242707
4,24,40,0.9285950455406369
4,25,40,0.9264096536796139
4,26,40,0.9485664374492861
4,27,40,0.9445302606192356
4,28,40,0.9552704365038855
4,29,40,0.9585835689743734
4,30,40,0.9577209194487327
4,1,41,1.0
4,2,41,1.0
4,3,41,0.7005487181916398
4,4,41,0.7675084247615979
4,5,41,0.7758171462788968
4,6,41,0.8690256590718153
4,7,41,0.8441364336909033
4,8,41,0.8658756889538872
4,9,41,0.8790191639589345
4,10,41,0.9113236707725896
4,11,41,0.9182359905025324
4,12,41,0.9307529899743268
4,13,41,0.8967593978796348
4,14,41,0.9074764572123405
4,15,41,0.8773375251307983
4,16,41,0.9004313646405944
4,17,41,0.8878529337504112
4,18,41,0.9389686065901072
4,19,41,0.9034529266841034
4,20,41,0.9287571347115784
4,21,41,0.9353669446017775
4,22,41,0.9414884111509714
4,23,41,0.9481119356544464
4,24,41,0.94624072324224
4,25,41,0.9363270614768763
4,26,41,0.9503501159612502
4,27,41,0.9566288933812411
4,28,41,0.9526065141535038
4,29,41,0.9470636970749194
4,30,41,0.9454879362039051
4,1,42,1.0
4,2,42,1.0
4,3,42,0.4502385831407501
4,4,42,0.6797958478170976
4,5,42,0.8311442773198648
4,6,42,0.8551798201138251
4,7,42,0.8764863391043319
4,8,42,0.8885796485286453
4,9,42,0.8951195669769588
4,10,42,0.9101715915082705
4,11,42,0.9249234394204093
4,12,42,0.9334639224928396
4,13,42,0.9448770261407596
4,14,42,0.9434348208990854
4,15,42,0.9461795534140809
4,16,42,0.9273502773796547
4,17,42,0.9395019247279395
4,18,42,0.9315846187803423
4,19,42,0.942560292689304
4,20,42,0.9370776816418346
4,21,42,0.9594349861973434
4,22,42,0.9392257966001075
4,23,42,0.9404904783774262
4,24,42,0.942711427351523
4,25,42,0.9329420992132968
4,26,42,0.9539193192711016
4,27,42,0.9319660115101908
4,28,42,0.9514951614973138
4,29,42,0.9697960803032889
4,30,42,0.9589642585821739
4,1,43,1.0
4,2,43,1.0
4,3,43,0.7657922559192109
4,4,43,0.9004549734940014
4,5,43,0.6977125637165573
4,6,43,0.797850213123665
4,7,43,0.7971423522036801
4,8,43,0.7547238636716094
4,9,43,0.8122406967326288
4,10,43,0.8278050240537902
4,11,43,0.8647764735939163
4,12,43,0.7994779166435875
4,13,43,0.8496482535815951
4,14,43,0.9103452169131154
4,15,43,0.917499403098301
4,16,43,0.9207040595815882
4,17,43,0.9229566337830566
4,18,43,0.9216717849034575
4,19,43,0.9244629999662525
4,20,43,0.9481440963793758
4,21,43,0.9408824043812325
4,22,43,0.9563116887845324
4,23,43,0.9508846145111406
4,24,43,0.9642606485877379
4,25,43,0.9524952546899438
4,26,43,0.9495368593821896
4,27,43,0.958984129295073
4,28,43,0.9610952421908482
4,29,43,0.9585254746596898
4,30,43,0.9621525645317343
4,1,44,1.0
4,2,44,1.0
4,3,44,0.8490399406698516
4,4,44,0.795532768365014
4,5,44,0.7597326744492269
4,6,44,0.7634816242700441
4,7,44,0.8937067335071889
4,8,44,0.8206610064778038
4,9,44,0.7085075977696892
4,10,44,0.8849629715453923
4,11,44,0.8878626341958958
4,12,44,0.8567688337537244
4,13,44,0.8931114976558983
4,14,44,0.8850430891846375
4,15,44,0.9309040431348745
4,16,44,0.9401373927074819
4,17,44,0.9549955241885713
4,18,44,0.9403371217521299
4,19,44,0.9491522683067619
4,20,44,0.9460204647097347
4,21,44,0.9299043145715318
4,22,44,0.93368716571764
4,23,44,0.9400853115621661
4,24,44,0.9510689706630533
4,25,44,0.9555805518483599
4,26,44,0.9599616256966346
4,27,44,0.9669340616516093
4,28,44,0.9509422396372822
4,29,44,0.9571331742303903
4,30,44,0.9613710937634761
4,1,45,1.0
4,2,45,1.0
4,3,45,0.7251988445394827
4,4,45,0.6892418489125686
4,5,45,0.7395921826078676
4,6,45,0.8255309961582696
4,7,45,0.8320579075911941
4,8,45,0.8463409453196393
4,9,45,0.8419826302486332
4,10,45,0.8875507538432551
4,11,45,0.9209064246210176
4,12,45,0.9028321127172098
4,13,45,0.9038809401297254
4,14,45,0.9376377668144054
4,15,45,0.9252326527310695
4,16,45,0.9689650499154793
4,17,45,0.950423521028342
4,18,45,0.9490826330182202
4,19,45,0.9445210381642171
4,20,45,0.9401302258644191
4,21,45,0.9434819209037522
4,22,45,0.9337088301052809
4,23,45,0.9547241361739031
4,24,45,0.9406046947934545
4,25,45,0.938893179547962
4,26,45,0.930889578186311
4,27,45,0.943828137527529
4,28,45,0.9665460209983736
4,29,45,0.9612320617284972
4,30,45,0.9558518594149615
4,1,46,1.0
4,2,46,1.0
4,3,46,0.9005040479245074
4,4,46,0.8163684560876786
4,5,46,0.8725179801832449
4,6,46,0.9292103137062068
4,7,46,0.9448510865154675
4,8,46,0.9339562932911267
4,9,46,0.9469329713741821
4,10,46,0.9232226539573125
4,11,46,0.9552180016078821
4,12,46,0.9532697591208505
4,13,46,0.9253955746858125
4,14,46,0.9553968871616939
4,15,46,0.9697619247170777
4,16,46,0.9493179420311767
4,17,46,0.9618839736389
4,18,46,0.9500300578170842
4,19,46,0.9582413482175561
4,20,46,0.936661925423837
4,21,46,0.9540783472531322
4,22,46,0.9474852710273222
4,23,46,0.9680379713956079
4,24,46,0.9622622754906768
4,25,46,0.9638297333173929
4,26,46,0.9516753422958608
4,27,46,0.9542377788854651
4,28,46,0.9453161189745551
4,29,46,0.9546734309288338
4,30,46,0.9698404421694388
4,1,47,1.0
4,2,47,1.0
4,3,47,0.5148645999601013
4,4,47,0.5971705760621693
4,5,47,0.6954879342499873
4,6,47,0.8140685021333055
4,7,47,0.7634298055491416
4,8,47,0.8133337021665414
4,9,47,0.7525630253121646
4,10,47,0.892219429088341
4,11,47,0.837890943404888
4,12,47,0.8208761386166697
4,13,47,0.8796641072178637
4,14,47,0.932744913718678
4,15,47,0.8682687874157855
4,16,47,0.9176953620132332
4,17,47,0.9391043272517002
4,18,47,0.8711796215250321
4,19,47,0.944736566284345
4,20,47,0.8781911081899539
4,21,47,0.9529465043731586
4,22,47,0.9248227797462519
4,23,47,0.9052475413164561
4,24,47,0.9201071577427852
4,25,47,0.9196336369493463
4,26,47,0.9659455913561275
4,27,47,0.9522473885352805
4,28,47,0.9640823218865813
4,29,47,0.9733366607260197
4,30,47,0.9683005612950247
4,1,48,1.0
4,2,48,1.0
4,3,48,0.7906881609234115
4,4,48,0.7408847934221104
4,5,48,0.8440026078338112
4,6,48,0.8238278574095764
4,7,48,0.8210450268795516
4,8,48,0.718090177530969
4,9,48,0.7720030150984426
4,10,48,0.7574054087631568
4,11,48,0.8177524627134608
4,12,48,0.872649097703339
4,13,48,0.8940501468139743
4,14,48,0.872871923015868
4,15,48,0.9144897136301514
4,16,48,0.9050006224506508
4,17,48,0.9080005570520734
4,18,48,0.9049210062243394
4,19,48,0.9052670936032575
4,20,48,0.9063736798746301
4,21,48,0.917186359305327
4,22,48,0.9213443008639803
4,23,48,0.9326962240279902
4,24,48,0.9240526055866806
4,25,48,0.9423539454550195
4,26,48,0.9070168358621385
4,27,48,0.9359530191115526
4,28,48,0.9229600853858851
4,29,48,0.9335644169514081
4,30,48,0.9379976634712244
4,1,49,1.0
4,2,49,1.0
4,3,49,0.5287590097243975
4,4,49,0.5837096226852453
4,5,49,0.7134969708906327
4,6,49,0.730604860936196
4,7,49,0.833044319335155
4,8,49,0.8277525463347885
4,9,49,0.9160043289507304
4,10,49,0.8733402553764874
4,11,49,0.9294828392822966
4,12,49,0.8559906805453104
4,13,49,0.8787071854700751
4,14,49,0.9184047744218075
4,15,49,0.884812019119994
4,16,49,0.8940819006098695
4,17,49,0.9378908365196926
4,18,49,0.9177983741030284
4,19,49,0.9605597843879085
4,20,49,0.9564385098410634
4,21,49,0.9449591229630414
4,22,49,0.9549866064224409
4,23,49,0.966828402955824
4,24,49,0.9638243966585208
4,25,49,0.9777647139490064
4,26,49,0.9736868938236879
4,27,49,0.9754962430741364
4,28,49,0.9744276104558086
4,29,49,0.955872081886713
4,30,49,0.9635822264591468
4,1,50,1.0
4,2,50,1.0
4,3,50,0.7931128087541577
4,4,50,0.7314997326224564
4,5,50,0.8942373231015514
4,6,50,0.8447463530638597
4,7,50,0.8719988615058502
4,8,50,0.9267876746440389
4,9,50,0.7760691752331357
4,10,50,0.9154728716231548
4,11,50,0.9194117782140958
4,12,50,0.9068845837528653
4,13,50,0.9272103872773184
4,14,50,0.9024775999666429
4,15,50,0.896839938825322
4,16,50,0.9471898414019221
4,17,50,0.9501904122121256
4,18,50,0.9514572318627886
4,19,50,0.9473891612903336
4,20,50,0.9552654447540498
4,21,50,0.9556156625279696
4,22,50,0.9490795890061623
4,23,50,0.9566787973853282
4,24,50,0.9238297508184187
4,25,50,0.941982300814017
4,26,50,0.9345458727633311
4,27,50,0.9495932993402925
4,28,50,0.9650988519957522
4,29,50,0.9584470308470368
4,30,50,0.9598932661054714
4,1,51,1.0
4,2,51,1.0
4,3,51,0.6685348658374557
4,4,51,0.7049449970339966
4,5,51,0.7435007092583308
4,6,51,0.8423126906451577
4,7,51,0.8752273241667751
4,8,51,0.8660295714727346
4,9,51,0.7445048941006044
4,10,51,0.8713634182180667
4,11,51,0.910256267909582
4,12,51,0.9360728629045084
4,13,51,0.9099372634615236
4,14,51,0.901844320597528
4,15,51,0.9203921978998711
4,16,51,0.9522623665348114
4,17,51,0.9593259547494036
4,18,51,0.9576669640165226
4,19,51,0.9346502469193415
4,20,51,0.9598463524004838
4,21,51,0.9185263848820432
4,22,51,0.9579318673330277
4,23,51,0.9569657096708643
4,24,51,0.9383751353964926
4,25,51,0.9447813239300079
4,26,51,0.9530662730491474
4,27,51,0.9532947900356871
4,28,51,0.9562043254928952
4,29,51,0.9629800669465527
4,30,51,0.9559107329296879
4,1,52,1.0
4,2,52,1.0
4,3,52,0.4968999155608005
4,4,52,0.565377457629209
4,5,52,0.7502828021883542
4,6,52,0.7627725483861791
4,7,52,0.8039022210705151
4,8,52,0.7906055327046684
4,9,52,0.7590690498334662
4,10,52,0.8858793815701752
4,11,52,0.8879255822142098
4,12,52,0.9115900146186621
4,13,52,0.8933599460293202
4,14,52,0.9052291851883681
4,15,52,0.92835054483004
4,16,52,0.9358160335838227
4,17,52,0.931708011532231
4,18,52,0.9385386913960292
4,19,52,0.9483805303442254
4,20,52,0.9301972032621707
4,21,52,0.9519087426605315
4,22,52,0.9378382175160516
4,23,52,0.9394044664102963
4,24,52,0.9550402188286355
4,25,52,0.9504169864812746
4,26,52,0.9412402330292325
4,27,52,0.9386170736448152
4,28,52,0.9542931545416076
4,29,52,0.9370823100220018
4,30,52,0.9605309482679647
4,1,53,1.0
4,2,53,1.0
4,3,53,0.6942315491153042
4,4,53,0.7862064353470877
4,5,53,0.8427398524978275
4,6,53,0.8426878279028782
4,7,53,0.8333673801223174
4,8,53,0.8940641700409634
4,9,53,0.8320572339697365
4,10,53,0.8226716249934614
4,11,53,0.9200477780451612
4,12,53,0.8965373638604677
4,13,53,0.9172600094816432
4,14,53,0.8845052967099609
4,15,53,0.9122553609167288
4,16,53,0.8871730624274721
4,17,53,0.8628780945711841
4,18,53,0.8985035954607191
4,19,53,0.9133412861199364
4,20,53,0.9235196274561898
4,21,53,0.9611137680826919
4,22,53,0.9361326657172432
4,23,53,0.9389273712180805
4,24,53,0.9416111181857996
4,25,53,0.950589987711944
4,26,53,0.9600083102029406
4,27,53,0.9647299237631667
4,28,53,0.9613740447532096
4,29,53,0.9503660724491715
4,30,53,0.9623307036208578
4,1,54,1.0
4,2,54,1.0
4,3,54,0.6317117108860175
4,4,54,0.8429440856140206
4,5,54,0.8320743893398332
4,6,54,0.8419756010454109
4,7,54,0.8536180376958852
4,8,54,0.7897872251941709
4,9,54,0.8588963476368784
4,10,54,0.9255256930068522
4,11,54,0.9004897153701001
4,12,54,0.8988179037801005
4,13,54,0.9086153096937026
4,14,54,0.8934277454827321
4,15,54,0.9475754380235574
4,16,54,0.9293761480002481
4,17,54,0.9588674777718487
4,18,54,0.9322611815024111
4,19,54,0.9159983740887158
4,20,54,0.9607620391980298
4,21,54,0.9474436580229344
4,22,54,0.9484749984779703
4,23,54,0.9437948627064742
4,24,54,0.9504027075239517
4,25,54,0.9572286503570497
4,26,54,0.9606914678489651
4,27,54,0.9547823016062135
4,28,54,0.9723843970253847
4,29,54,0.9740048464810633
4,30,54,0.9573404614269216
4,1,55,1.0
4,2,55,1.0
4,3,55,0.494684497232647
4,4,55,0.8212423530091251
4,5,55,0.8991159273816298
4,6,55,0.8188181990108974
4,7,55,0.7800067740614715
4,8,55,0.822304961179727
4,9,55,0.8590341986183339
4,10,55,0.8684181046959876
4,11,55,0.8981877441033344
4,12,55,0.9209113839064194
4,13,55,0.9238359096805898
4,14,55,0.8891951819965048
4,15,55,0.9625547072424615
4,16,55,0.9150492735245188
4,17,55,0.908728867369915
4,18,55,0.8941559213502627
4,19,55,0.8921616181882548
4,20,55,0.9291248320071119
4,21,55,0.9279825982583434
4,22,55,0.9176174408314646
4,23,55,0.9643203078948109
4,24,55,0.9594435961346445
4,25,55,0.9058979187072772
4,26,55,0.94323285981888
4,27,55,0.9331002603913164
4,28,55,0.9492282999821531
4,29,55,0.9304950326026518
4,30,55,0.9494703668332486
4,1,56,1.0
4,2,56,1.0
4,3,56,0.6580331457699513
4,4,56,0.7879795216244219
4,5,56,0.7721988723739386
4,6,56,0.7733686712527149
4,7,56,0.8116067626556505
4,8,56,0.8518016325842259
4,9,56,0.85769052464912
4,10,56,0.8240207292774634
4,11,56,0.9286353420294065
4,12,56,0.9017966682728779
4,13,56,0.8807005966275885
4,14,56,0.9258056789032375
4,15,56,0.9540655273268231
4,16,56,0.903441816403282
4,17,56,0.9439945905131287
4,18,56,0.9459437071371196
4,19,56,0.9392594511037307
4,20,56,0.9383956099268148
4,21,56,0.9307493985689856
4,22,56,0.9333555835280386
4,23,56,0.9326891795679669
4,24,56,0.9530933582394763
4,25,56,0.9580652292760232
4,26,56,0.9635553130488708
4,27,56,0.9540847785121411
4,28,56,0.9632294440158836
4,29,56,0.9623613440323047
4,30,56,0.9726080868839972
4,1,57,1.0
4,2,57,1.0
4,3,57,0.8954450577884033
4,4,57,0.8396031481738543
4,5,57,0.8449862777597645
4,6,57,0.8389147640774364
4,7,57,0.8780244292893871
4,8,57,0.8672294757622668
4,9,57,0.9094899272775763
4,10,57,0.8818275999349552
4,11,57,0.902533832403336
4,12,57,0.9060796484426396
4,13,57,0.9087980556703871
4,14,57,0.9094643580898361
4,15,57,0.9091727466592197
4,16,57,0.9006894645776496
4,17,57,0.9098980020092728
4,18,57,0.9320610259910923
4,19,57,0.951590754664374
4,20,57,0.9457883653474658
4,21,57,0.94414639581317
4,22,57,0.9579175998813435
4,23,57,0.957142251941194
4,24,57,0.9562261248367954
4,25,57,0.9709310972657224
4,26,57,0.9564381087663182
4,27,57,0.968706962725173
4,28,57,0.9648256738523594
4,29,57,0.9648819354408232
4,30,57,0.982270156470163
4,1,58,1.0
4,2,58,1.0
4,3,58,0.7047010152417928
4,4,58,0.8027504317959657
4,5,58,0.69332948247412
4,6,58,0.725118427397736
4,7,58,0.7677570776065451
4,8,58,0.9392018664067846
4,9,58,0.8657390358215552
4,10,58,0.9162699884279359
4,11,58,0.8814813598688764
4,12,58,0.8834827108726545
4,13,58,0.9402323481184471
4,14,58,0.9218247627761228
4,15,58,0.9461356345448667
4,16,58,0.9414047839144564
4,17,58,0.9356314010197829
4,18,58,0.940888163770034
4,19,58,0.9359175914663311
4,20,58,0.940505183120953
4,21,58,0.9506384367541996
4,22,58,0.9619032811484846
4,23,58,0.9509361511504845
4,24,58,0.9609825631030992
4,25,58,0.9658018959766872
4,26,58,0.9529264410021321
4,27,58,0.9586763613950705
4,28,58,0.963877843224776
4,29,58,0.97313195827139
4,30,58,0.9633074450621372
4,1,59,1.0
4,2,59,1.0
4,3,59,0.9350400366771566
4,4,59,0.9265815952263748
4,5,59,0.8968927658660708
4,6,59,0.9069563185875904
4,7,59,0.9362097559692594
4,8,59,0.8642049537002839
4,9,59,0.8856890508644314
4,10,59,0.8658502107364111
4,11,59,0.8659896349637257
4,12,59,0.9374657704941243
4,13,59,0.9164852185579088
4,14,59,0.8962614202840911
4,15,59,0.9247753079194706
4,16,59,0.9604937682359054
4,17,59,0.9547288036706579
4,18,59,0.9496206529193157
4,19,59,0.941183240281604
4,20,59,0.946009347440662
4,21,59,0.9521761601952315
4,22,59,0.9646753617511876
4,23,59,0.9590149092694987
4,24,59,0.9689514326480752
4,25,59,0.9630971555047123
4,26,59,0.959029977336583
4,27,59,0.9781587756271735
4,28,59,0.9610070764517256
4,29,59,0.9703762820609414
4,30,59,0.9642608145132322
4,1,60,1.0
4,2,60,1.0
4,3,60,0.5703213752948164
4,4,60,0.7789239483623006
4,5,60,0.813158806988647
4,6,60,0.7252497349973582
4,7,60,0.8343844706391773
4,8,60,0.9232831266965611
4,9,60,0.9143349185413697
4,10,60,0.8514693062368723
4,11,60,0.8921868661781919
4,12,60,0.911149202950315
4,13,60,0.9062248001993941
4,14,60,0.8934065942558683
4,15,60,0.9265768336286512
4,16,60,0.8664861220066011
4,17,60,0.9175588677723375
4,18,60,0.9391245122838991
4,19,60,0.9247929955304927
4,20,60,0.9293067899203781
4,21,60,0.8929922331942345
4,22,60,0.8895690761808807
4,23,60,0.9243075135991291
4,24,60,0.9228215582038781
4,25,60,0.9025607545195804
4,26,60,0.9079259971270068
4,27,60,0.9070047547990951
4,28,60,0.9217086375257417
4,29,60,0.9446535504830613
4,30,60,0.9429500023298136
4,1,61,1.0
4,2,61,1.0
4,3,61,0.8075501373671237
4,4,61,0.836934973432112
4,5,61,0.8394246555345795
4,6,61,0.8214205651673113
4,7,61,0.9057932586000222
4,8,61,0.9040494923228849
4,9,61,0.9239563629695702
4,10,61,0.889595606679617
4,11,61,0.8913225930157135
4,12,61,0.9278476416247994
4,13,61,0.9262188160558861
4,14,61,0.950330880634922
4,15,61,0.9551631014021921
4,16,61,0.9501114335351759
4,17,61,0.9670988788568411
4,18,61,0.9545993409624137
4,19,61,0.9440410327708213
4,20,61,0.9530337364542687
4,21,61,0.9568731889414432
4,22,61,0.9564444853603343
4,23,61,0.9629506818033755
4,24,61,0.9621248901626009
4,25,61,0.9579377026168927
4,26,61,0.9524399491787517
4,27,61,0.9594101258726582
4,28,61,0.9504370439463959
4,29,61,0.9664139365204423
4,30,61,0.9658965395383204
4,1,62,1.0
4,2,62,1.0
4,3,62,0.8510479807069747
4,4,62,0.8899039956220061
4,5,62,0.7637679205888056
4,6,62,0.7645718394934738
4,7,62,0.7453630185531508
4,8,62,0.8335747725025118
4,9,62,0.8335070827397233
4,10,62,0.8543356749655601
4,11,62,0.9398521790642662
4,12,62,0.878633926635742
4,13,62,0.8896702196201396
4,14,62,0.9367528843557578
4,15,62,0.9248835669361473
4,16,62,0.9051274158076412
4,17,62,0.910512971850693
4,18,62,0.9248474233223688
4,19,62,0.9368803601026764
4,20,62,0.9385491974357406
4,21,62,0.945816990486195
4,22,62,0.9285662161233326
4,23,62,0.9437422226248887
4,24,62,0.954368643254666
4,25,62,0.9510317295842486
4,26,62,0.9566605419588285
4,27,62,0.9519961084025058
4,28,62,0.9596294275795392
4,29,62,0.9544627574206257
4,30,62,0.9613184180221637
4,1,63,1.0
4,2,63,1.0
4,3,63,0.6980602194036523
4,4,63,0.7061815993246808
4,5,63,0.7555888889652631
4,6,63,0.8197865724726581
4,7,63,0.8085773707489519
4,8,63,0.8233824192202593
4,9,63,0.7829391228031534
4,10,63,0.8516982466683648
4,11,63,0.8950658956046842
4,12,63,0.8860523326770888
4,13,63,0.9174983101951233
4,14,63,0.9099186457652741
4,15,63,0.9168790375036663
4,16,63,0.9118731256841784
4,17,63,0.9137602754999857
4,18,63,0.9121002588955036
4,19,63,0.90544554743837
4,20,63,0.9263897054488953
4,21,63,0.9449943219056948
4,22,63,0.9210536989992635
4,23,63,0.9409037301533983
4,24,63,0.9394412578795984
4,25,63,0.947346406791861
4,26,63,0.9465222004272957
4,27,63,0.9442173359090518
4,28,63,0.9366137206844839
4,29,63,0.9558369477143572
4,30,63,0.9551141319993425
4,1,64,1.0
4,2,64,1.0
4,3,64,0.8622701868516496
4,4,64,0.9550984662231727
4,5,64,0.9138074938425544
4,6,64,0.8768537548830149
4,7,64,0.9125121958153347
4,8,64,0.9143960316863059
4,9,64,0.9108532666084108
4,10,64,0.9002949923419432
4,11,64,0.9202854441161681
4,12,64,0.9146476246499283
4,13,64,0.9431722800399621
4,14,64,0.9408021242483854
4,15,64,0.9413589383890949
4,16,64,0.9491811110395701
4,17,64,0.9397241093648878
4,18,64,0.9537176868858798
4,19,64,0.9333387536073514
4,20,64,0.9542566225717797
4,21,64,0.9444594951624578
4,22,64,0.9513682055548455
4,23,64,0.9594221731220997
4,24,64,0.9545106514081858
4,25,64,0.9499137188373465
4,26,64,0.9584568593331755
4,27,64,0.9740517916389126
4,28,64,0.9688829652861517
4,29,64,0.9653435870030886
4,30,64,0.9602773769970668
4,1,65,1.0
4,2,65,1.0
4,3,65,0.542760454626658
4,4,65,0.8015491253333619
4,5,65,0.7873772603465634
4,6,65,0.6900242537473865
4,7,65,0.8808526264239585
4,8,65,0.8395377714045072
4,9,65,0.8244970674774469
4,10,65,0.896481904096885
4,11,65,0.880330742164534
4,12,65,0.9238329714663602
4,13,65,0.8874299099778018
4,14,65,0.8989079997795064
4,15,65,0.9269237112638445
4,16,65,0.9511562961120505
4,17,65,0.9171840457239392
4,18,65,0.9491933048602113
4,19,65,0.921422839627615
4,20,65,0.9404549659582024
4,21,65,0.9495517734384742
4,22,65,0.9267699952685668
4,23,65,0.9407086147302557
4,24,65,0.9116488977646011
4,25,65,0.9533216539791004
4,26,65,0.9264712079894579
4,27,65,0.9373334463409569
4,28,65,0.9420742566468542
4,29,65,0.9598828151207012
4,30,65,0.9655347747287134
4,1,66,1.0
4,2,66,1.0
4,3,66,0.6346980464180113
4,4,66,0.6123615182466783
4,5,66,0.7441269236684823
4,6,66,0.8429715651403578
4,7,66,0.6795289550173943
4,8,66,0.8172021006655407
4,9,66,0.7352274643901241
4,10,66,0.8838029174587687
4,11,66,0.845366641016178
4,12,66,0.8244714183608001
4,13,66,0.8887183388275752
4,14,66,0.8518929567982517
4,15,66,0.7597155077472796
4,16,66,0.8977613472622497
4,17,66,0.8753006125018183
4,18,66,0.8737600253536558
4,19,66,0.8270572229490338
4,20,66,0.8435555911054832
4,21,66,0.8971923113005932
4,22,66,0.9141200252990268
4,23,66,0.9481925294975591
4,24,66,0.9269947553638981
4,25,66,0.9364053327773771
4,26,66,0.9474635495771273
4,27,66,0.9459216783078485
4,28,66,0.9563618996616494
4,29,66,0.940347076956974
4,30,66,0.95959311023839
4,1,67,1.0
4,2,67,1.0
4,3,67,0.794427144331733
4,4,67,0.7813323565653844
4,5,67,0.8313840139735132
4,6,67,0.8573026751520431
4,7,67,0.9114011790880632
4,8,67,0.8816769938447523
4,9,67,0.8793036624332141
4,10,67,0.9588185975899589
4,11,67,0.9457749353567592
4,12,67,0.9288646509176965
4,13,67,0.9277276794499036
4,14,67,0.9238504736755433
4,15,67,0.9227013405931562
4,16,67,0.9254877129695303
4,17,67,0.9284425471601421
4,18,67,0.9354105411993131
4,19,67,0.9384989587536087
4,20,67,0.9443857052999034
4,21,67,0.9324028023391714
4,22,67,0.9410190460739425
4,23,67,0.9217135345897189
4,24,67,0.9480498487876625
4,25,67,0.9531295280300752
4,26,67,0.9597732737613344
4,27,67,0.9580679726171178
4,28,67,0.9576836179100376
4,29,67,0.964544436223666
4,30,67,0.9589395227959628
4,1,68,1.0
4,2,68,1.0
4,3,68,0.8031317049280944
4,4,68,0.7623710142670052
4,5,68,0.6796745463627037
4,6,68,0.7572578736314669
4,7,68,0.7587936592615601
4,8,68,0.7770885186875092
4,9,68,0.8038265085151565
4,10,68,0.8332216989873916
4,11,68,0.9003986342983662
4,12,68,0.9273980424068314
4,13,68,0.9112125334325645
4,14,68,0.9125287883579881
4,15,68,0.9166650290452381
4,16,68,0.9061419594068515
4,17,68,0.9119440499000946
4,18,68,0.9383277303599317
4,19,68,0.9176734678551267
4,20,68,0.9368518404777885
4,21,68,0.9280953528203961
4,22,68,0.9525807020579415
4,23,68,0.9500097986516409
4,24,68,0.9371396947358843
4,25,68,0.9469454340269705
4,26,68,0.9407336786543747
4,27,68,0.9332630812765618
4,28,68,0.9683919913540912
4,29,68,0.9574430485720492
4,30,68,0.9445034688737132
4,1,69,1.0
4,2,69,1.0
4,3,69,0.5430669820541364
4,4,69,0.6979639119908461
4,5,69,0.7512496170848995
4,6,69,0.7850394483714548
4,7,69,0.7560321010932107
4,8,69,0.7966419037595389
4,9,69,0.8749469575000084
4,10,69,0.8299712349094699
4,11,69,0.8044437599565442
4,12,69,0.9028479633296915
4,13,69,0.8410218859953827
4,14,69,0.8629259059390478
4,15,69,0.8842919739874623
4,16,69,0.8787830247925743
4,17,69,0.8978249660948763
4,18,69,0.9029107833886778
4,19,69,0.9209104861633018
4,20,69,0.9046493396658151
4,21,69,0.9161346464039726
4,22,69,0.931766272742645
4,23,69,0.9398880919099474
4,24,69,0.9137241413783755
4,25,69,0.9523873455810405
4,26,69,0.9258403900213947
4,27,69,0.9364469654104322
4,28,69,0.9502320310712331
4,29,69,0.9632089216617051
4,30,69,0.9513351578399334
4,1,70,1.0
4,2,70,1.0
4,3,70,0.4464945588961836
4,4,70,0.8931680035486743
4,5,70,0.901129821131082
4,6,70,0.8920073497632809
4,7,70,0.8696228676889083
4,8,70,0.8909567601397271
4,9,70,0.8749353113627116
4,10,70,0.9014361937544402
4,11,70,0.9276455364093251
4,12,70,0.9149206277729828
4,13,70,0.9231227738586588
4,14,70,0.9428728268125036
4,15,70,0.9453077497829565
4,16,70,0.955957724715914
4,17,70,0.9518896079668324
4,18,70,0.9525621034571924
4,19,70,0.9402107710120571
4,20,70,0.9492080798729942
4,21,70,0.9519760535846866
4,22,70,0.9565430706146669
4,23,70,0.9493026805065994
4,24,70,0.9539485958000764
4,25,70,0.9594287094843481
4,26,70,0.9523066921256322
4,27,70,0.9589993838822474
4,28,70,0.9555100363110959
4,29,70,0.966811920339668
4,30,70,0.9753058763098051
4,1,71,1.0
4,2,71,1.0
4,3,71,0.7916026479909062
4,4,71,0.7778980192520387
4,5,71,0.8761071388110254
4,6,71,0.8220748575560856
4,7,71,0.8431886755217438
4,8,71,0.7773527841131501
4,9,71,0.8288245084477684
4,10,71,0.9391822282803199
4,11,71,0.9283363717980834
4,12,71,0.9250872167195451
4,13,71,0.8562649990815634
4,14,71,0.9294819654633664
4,15,71,0.8756341277036839
4,16,71,0.9252647481258738
4,17,71,0.9182032480895881
4,18,71,0.9130052785743349
4,19,71,0.9313129757126523
4,20,71,0.9612113742882352
4,21,71,0.9308551929609972
4,22,71,0.9263561121667796
4,23,71,0.9361328506896307
4,24,71,0.9404369479353025
4,25,71,0.9221401342939693
4,26,71,0.9487259072853488
4,27,71,0.9360210991914822
4,28,71,0.913335935700112
4,29,71,0.940799184913509
4,30,71,0.9449374424345051
4,1,72,1.0
4,2,72,1.0
4,3,72,0.7285922346980042
4,4,72,0.9104929868704221
4,5,72,0.9031289118440575
4,6,72,0.8992370487484502
4,7,72,0.8767407957276196
4,8,72,0.9126644368962569
4,9,72,0.8847314486764041
4,10,72,0.8888819913158565
4,11,72,0.8825784379171357
4,12,72,0.893785783778911
4,13,72,0.8624293761662298
4,14,72,0.8929380206450537
4,15,72,0.8714537392430969
4,16,72,0.9020590448210861
4,17,72,0.9129120764909752
4,18,72,0.8997184383059893
4,19,72,0.9041603190793676
4,20,72,0.8997851690591439
4,21,72,0.9213487007978491
4,22,72,0.9383943233778735
4,23,72,0.9391370013106717
4,24,72,0.9402587555113355
4,25,72,0.9344600550377801
4,26,72,0.9261335070476471
4,27,72,0.9411065620540539
4,28,72,0.9397924353507748
4,29,72,0.9395179697633895
4,30,72,0.9369787291495939
4,1,73,1.0
4,2,73,1.0
4,3,73,0.788215395907917
4,4,73,0.7806498412426405
4,5,73,0.8083300270685818
4,6,73,0.7424422937111652
4,7,73,0.8070339851090411
4,8,73,0.7889186853355495
4,9,73,0.8749542359903743
4,10,73,0.9196813249616506
4,11,73,0.9416497577377286
4,12,73,0.950215890812407
4,13,73,0.9443958239726836
4,14,73,0.9351959778937926
4,15,73,0.9363594283015638
4,16,73,0.9509412098106669
4,17,73,0.9475919304711389
4,18,73,0.9494223141720272
4,19,73,0.9659306999476501
4,20,73,0.9525333104106759
4,21,73,0.9512592895399082
4,22,73,0.9483145814962182
4,23,73,0.961560908930975
4,24,73,0.9610531551603246
4,25,73,0.9769746447812157
4,26,73,0.9637031215950326
4,27,73,0.963818993911787
4,28,73,0.9785612437892514
4,29,73,0.963799558700547
4,30,73,0.9713050213779242
4,1,74,1.0
4,2,74,1.0
4,3,74,0.8058526490957827
4,4,74,0.6472451145397494
4,5,74,0.7996282430996482
4,6,74,0.9138843566451672
4,7,74,0.7975873221324661
4,8,74,0.842231446730919
4,9,74,0.8473662448155835
4,10,74,0.8857411705684142
4,11,74,0.8641836980886787
4,12,74,0.757143475388257
4,13,74,0.8745138714156281
4,14,74,0.9255287378017738
4,15,74,0.904777734908809
4,16,74,0.9289820229705832
4,17,74,0.9482722460577552
4,18,74,0.9196912943053455
4,19,74,0.9246054807774112
4,20,74,0.9200752826510732
4,21,74,0.9250319694275453
4,22,74,0.9319477226917144
4,23,74,0.9399471634119186
4,24,74,0.9484730285496408
4,25,74,0.9469115682842824
4,26,74,0.9444369070570263
4,27,74,0.9577389829753129
4,28,74,0.9459934012425536
4,29,74,0.9652835917827958
4,30,74,0.9678492401308099
4,1,75,1.0
4,2,75,1.0
4,3,75,0.5648852576862318
4,4,75,0.6682869609117551
4,5,75,0.8345229434631217
4,6,75,0.817662128163742
4,7,75,0.8784134665176212
4,8,75,0.8806594800309441
4,9,75,0.8779557017139664
4,10,75,0.9387399461680439
4,11,75,0.9053433506475034
4,12,75,0.892614637657438
4,13,75,0.8353986713945936
4,14,75,0.8528556966629028
4,15,75,0.896885516589371
4,16,75,0.9376137398577965
4,17,75,0.9474114824146144
4,18,75,0.9138628532093939
4,19,75,0.9312305146562221
4,20,75,0.9259030966909715
4,21,75,0.9281016389025435
4,22,75,0.9293340892803623
4,23,75,0.9399490065883538
4,24,75,0.9760996786792324
4,25,75,0.9547463169452205
4,26,75,0.9410176569067462
4,27,75,0.9395189146346952
4,28,75,0.940260259881093
4,29,75,0.9531967288041058
4,30,75,0.9547095616376261
4,1,76,1.0
4,2,76,1.0
4,3,76,0.7162786404027999
4,4,76,0.8915860904138779
4,5,76,0.8996923786267275
4,6,76,0.9119138875906068
4,7,76,0.923426775015994
4,8,76,0.8647061983077555
4,9,76,0.9065244979520005
4,10,76,0.9253821813141411
4,11,76,0.9326545127292941
4,12,76,0.927527448371418
4,13,76,0.9073072446075691
4,14,76,0.9415921158054869
4,15,76,0.9239248417066172
4,16,76,0.9394272244755214
4,17,76,0.9271515098690913
4,18,76,0.9153143859238558
4,19,76,0.9460678197745969
4,20,76,0.9227759333905231
4,21,76,0.9355658851191464
4,22,76,0.9502487395815475
4,23,76,0.9611940302563864
4,24,76,0.9530393913009524
4,25,76,0.9625142466842203
4,26,76,0.9713671014927134
4,27,76,0.9613423414561951
4,28,76,0.9570529746304797
4,29,76,0.9657445210270461
4,30,76,0.9635603255294787
4,1,77,1.0
4,2,77,1.0
4,3,77,0.74222574340328
4,4,77,0.864504411798632
4,5,77,0.8396141910320684
4,6,77,0.8346191171233037
4,7,77,0.755434049918832
4,8,77,0.8633097914448643
4,9,77,0.8563950758482551
4,10,77,0.8843733377278105
4,11,77,0.9103262534485602
4,12,77,0.899219922528158
4,13,77,0.8727057516337489
4,14,77,0.9307743885269304
4,15,77,0.9146851042227548
4,16,77,0.9278371299243843
4,17,77,0.9040918333912497
4,18,77,0.9073923544264749
4,19,77,0.9092247465473763
4,20,77,0.9283151756655204
4,21,77,0.9215380604027503
4,22,77,0.9318351876998867
4,23,77,0.9428706780476196
4,24,77,0.9496677430331761
4,25,77,0.9470062422457427
4,26,77,0.9651363587742652
4,27,77,0.9547516500773414
4,28,77,0.9543223026541723
4,29,77,0.9588547442017225
4,30,77,0.9540345714714995
4,1,78,1.0
4,2,78,1.0
4,3,78,0.7564194316623385
4,4,78,0.7774876889837753
4,5,78,0.8101908190729848
4,6,78,0.8938740127029524
4,7,78,0.8451223921750636
4,8,78,0.8826097391829781
4,9,78,0.8980622381576978
4,10,78,0.9173906579537715
4,11,78,0.9131265972381711
4,12,78,0.9168842450666257
4,13,78,0.9210822896000161
4,14,78,0.9335872213963173
4,15,78,0.929163152438191
4,16,78,0.933844363157851
4,17,78,0.9514156903732439
4,18,78,0.9478442102329501
4,19,78,0.9431812840090954
4,20,78,0.9588880757479541
4,21,78,0.9482807940004546
4,22,78,0.9508966672782688
4,23,78,0.9707421826098944
4,24,78,0.9661165167468195
4,25,78,0.9538025091556007
4,26,78,0.9596576843719374
4,27,78,0.9749505318679448
4,28,78,0.9675340568583085
4,29,78,0.9781695782048404
4,30,78,0.9773699788708976
4,1,79,1.0
4,2,79,1.0
4,3,79,0.7559304998309129
4,4,79,0.7096852214367431
4,5,79,0.6117888278139815
4,6,79,0.7371819247700362
4,7,79,0.6936585015307071
4,8,79,0.846975827848132
4,9,79,0.7017804540393002
4,10,79,0.8144744531674749
4,11,79,0.9036749566620128
4,12,79,0.9340763210976758
4,13,79,0.9145176957587658
4,14,79,0.940625514882295
4,15,79,0.9274861566048082
4,16,79,0.9350226754601579
4,17,79,0.9246304357894838
4,18,79,0.9599720046703267
4,19,79,0.919253173355564
4,20,79,0.9381990266305561
4,21,79,0.9605218076609191
4,22,79,0.94918817707138
4,23,79,0.9488053730006109
4,24,79,0.9535269523729067
4,25,79,0.9458581401057782
4,26,79,0.9451196115364597
4,27,79,0.9546894346732087
4,28,79,0.9534962952833411
4,29,79,0.9539471968955108
4,30,79,0.9697908297257365
4,1,80,1.0
4,2,80,1.0
4,3,80,0.7791791333944338
4,4,80,0.6615332041096523
4,5,80,0.5520184222687303
4,6,80,0.6965730685060876
4,7,80,0.6342263991729017
4,8,80,0.7439476341707791
4,9,80,0.7956636755221522
4,10,80,0.8140712111794225
4,11,80,0.7957257088057101
4,12,80,0.7814654037690656
4,13,80,0.8154158363363309
4,14,80,0.897429932350693
4,15,80,0.8734831683848683
4,16,80,0.9030956355278614
4,17,80,0.9026770157136329
4,18,80,0.9253730704308285
4,19,80,0.9204829089240816
4,20,80,0.9299240886628563
4,21,80,0.9366680667536972
4,22,80,0.9461887471204727
4,23,80,0.9450655052090369
4,24,80,0.954311246266347
4,25,80,0.9640291567635138
4,26,80,0.9552433896919307
4,27,80,0.9660623535802296
4,28,80,0.9685499199098148
4,29,80,0.9613662579536618
4,30,80,0.9560048114287996
4,1,81,1.0
4,2,81,1.0
4,3,81,0.5261225781114726
4,4,81,0.7598124190873273
4,5,81,0.6597318287159137
4,6,81,0.9021956501399524
4,7,81,0.8639448282205036
4,8,81,0.8711511636519121
4,9,81,0.8529638459475367
4,10,81,0.908600295509734
4,11,81,0.9201650897248822
4,12,81,0.9191291469272431
4,13,81,0.9338392981457607
4,14,81,0.9344359706202869
4,15,81,0.9412406703452685
4,16,81,0.9228382489669427
4,17,81,0.9179680743961006
4,18,81,0.9120820372242504
4,19,81,0.9085017911053679
4,20,81,0.9221294895727271
4,21,81,0.9238514479680882
4,22,81,0.9414146992398831
4,23,81,0.9303690765249621
4,24,81,0.954585046313228
4,25,81,0.9577838523680853
4,26,81,0.9635303179594481
4,27,81,0.9516913116741678
4,28,81,0.9616884926915233
4,29,81,0.9557695942221051
4,30,81,0.9686556488764336
4,1,82,1.0
4,2,82,1.0
4,3,82,0.7950093879440545
4,4,82,0.826951532982554
4,5,82,0.8235902324182107
4,6,82,0.842221862391457
4,7,82,0.8454743799073554
4,8,82,0.8990962018400381
4,9,82,0.909671477815703
4,10,82,0.8973936833039475
4,11,82,0.9279445737791038
4,12,82,0.9215264542670912
4,13,82,0.8990385648104184
4,14,82,0.945157930429507
4,15,82,0.9409855535193941
4,16,82,0.9476772787020235
4,17,82,0.9010116380873127
4,18,82,0.9118157138508299
4,19,82,0.9249422318643342
4,20,82,0.926753643062888
4,21,82,0.925826602621693
4,22,82,0.9393772487278589
4,23,82,0.9443965257377386
4,24,82,0.9303133403388535
4,25,82,0.9556624606319569
4,26,82,0.9616400937561985
4,27,82,0.9678951386281394
4,28,82,0.9567819405957128
4,29,82,0.9655481824545379
4,30,82,0.9674048954908527
4,1,83,1.0
4,2,83,1.0
4,3,83,0.4318450118963107
4,4,83,0.9112951575789733
4,5,83,0.9142060110276463
4,6,83,0.9194559818638873
4,7,83,0.8925374717167546
4,8,83,0.8848631500880414
4,9,83,0.8778921224493746
4,10,83,0.8861653354127388
4,11,83,0.9131686297276946
4,12,83,0.9287431618449761
4,13,83,0.9219220634602151
4,14,83,0.8981886315927713
4,15,83,0.9170349964692159
4,16,83,0.943670380036583
4,17,83,0.9412380560342984
4,18,83,0.9100048095933418
4,19,83,0.9587502339311851
4,20,83,0.9203994026864487
4,21,83,0.9198112659753838
4,22,83,0.9646648768974521
4,23,83,0.9319837146131655
4,24,83,0.9443271860010355
4,25,83,0.9438887093404237
4,26,83,0.9505363208451421
4,27,83,0.9180346717466202
4,28,83,0.9150544057130402
4,29,83,0.9698884598625148
4,30,83,0.9214776337781385
4,1,84,1.0
4,2,84,1.0
4,3,84,0.716576284662455
4,4,84,0.584003505159246
4,5,84,0.799007775922834
4,6,84,0.8270174411225937
4,7,84,0.8104677132718738
4,8,84,0.7729332900128002
4,9,84,0.8273090477362994
4,10,84,0.9146027616886795
4,11,84,0.8995328741337894
4,12,84,0.9485830491313074
4,13,84,0.9287183887566833
4,14,84,0.929891972774862
4,15,84,0.9476509863476742
4,16,84,0.9266358660474979
4,17,84,0.9314191761516806
4,18,84,0.9554027310505722
4,19,84,0.9407818502046568
4,20,84,0.926453723816228
4,21,84,0.9360670183897981
4,22,84,0.929448017066255
4,23,84,0.9508047512588431
4,24,84,0.9703432029619647
4,25,84,0.95200734077833
4,26,84,0.9275713509260266
4,27,84,0.922394677818214
4,28,84,0.9391195841261502
4,29,84,0.9566514810351993
4,30,84,0.9479305320206536
4,1,85,1.0
4,2,85,1.0
4,3,85,0.34326441384456857
4,4,85,0.7054204640683052
4,5,85,0.8917365353162173
4,6,85,0.7162584306783204
4,7,85,0.7119092561420339
4,8,85,0.8230418734566491
4,9,85,0.744830588136969
4,10,85,0.7646651758663497
4,11,85,0.8908279782010591
4,12,85,0.931073491792705
4,13,85,0.9004336544563937
4,14,85,0.9156658566601785
4,15,85,0.9367072157326198
4,16,85,0.9349683309406606
4,17,85,0.928146194081315
4,18,85,0.9384057543242382
4,19,85,0.9070007511257434
4,20,85,0.921599563255874
4,21,85,0.92922705933479
4,22,85,0.9660589186906067
4,23,85,0.9397176557908417
4,24,85,0.9431928662660032
4,25,85,0.9276671549134584
4,26,85,0.9560896651458632
4,27,85,0.9349713615574079
4,28,85,0.956665538010638
4,29,85,0.9720861858639721
4,30,85,0.9556610392346475
4,1,86,1.0
4,2,86,1.0
4,3,86,0.7461633025197888
4,4,86,0.8679396412566264
4,5,86,0.7586128235963877
4,6,86,0.7092717916096749
4,7,86,0.8998296090062374
4,8,86,0.8192191903468857
4,9,86,0.8839321307752068
4,10,86,0.8779398320365879
4,11,86,0.8570469533984789
4,12,86,0.9134268615687297
4,13,86,0.9113598870658487
4,14,86,0.9080981236422956
4,15,86,0.9090242465523923
4,16,86,0.8582346657626871
4,17,86,0.912743446446018
4,18,86,0.8954984143631024
4,19,86,0.9196793231847415
4,20,86,0.9200745669872403
4,21,86,0.9488134848021128
4,22,86,0.9353149702041957
4,23,86,0.9486070191488676
4,24,86,0.9444966958300847
4,25,86,0.9392432383915299
4,26,86,0.9255298972767495
4,27,86,0.9400130535154112
4,28,86,0.9432674705167858
4,29,86,0.9543302648744151
4,30,86,0.9425990013399229
4,1,87,1.0
4,2,87,1.0
4,3,87,0.7178898422129409
4,4,87,0.7186884534135877
4,5,87,0.8212614681917302
4,6,87,0.8324217830885245
4,7,87,0.833012552355709
4,8,87,0.8187203067201732
4,9,87,0.9180962615311907
4,10,87,0.8634995757385016
4,11,87,0.8707589880058334
4,12,87,0.9532136453521012
4,13,87,0.9226441968326959
4,14,87,0.9543508166767014
4,15,87,0.9423403223423756
4,16,87,0.9594664718682535
4,17,87,0.9344590231482962
4,18,87,0.9428048864494055
4,19,87,0.956561924887177
4,20,87,0.9563453040839199
4,21,87,0.954760638240894
4,22,87,0.9658568201289607
4,23,87,0.9583733709791374
4,24,87,0.9647766302737852
4,25,87,0.9639522094651876
4,26,87,0.963040971401121
4,27,87,0.9594298477225167
4,28,87,0.9623549763397886
4,29,87,0.9681324420235733
4,30,87,0.959524402933344
4,1,88,1.0
4,2,88,1.0
4,3,88,0.7268452134578686
4,4,88,0.4647056890627133
4,5,88,0.7511877791492664
4,6,88,0.8455758825285705
4,7,88,0.8021598671399208
4,8,88,0.8669208101914951
4,9,88,0.8681369188471995
4,10,88,0.9038460636951539
4,11,88,0.918665628767021
4,12,88,0.9319492596425142
4,13,88,0.9359983194094553
4,14,88,0.9552950214767791
4,15,88,0.9412294755439335
4,16,88,0.9493983838633688
4,17,88,0.9408312065813671
4,18,88,0.9687798304726161
4,19,88,0.9621095216739317
4,20,88,0.9640370876114736
4,21,88,0.9584737810610188
4,22,88,0.9512893263834267
4,23,88,0.947667924975621
4,24,88,0.9590180211789513
4,25,88,0.9645993399793873
4,26,88,0.9607078515760956
4,27,88,0.9688046686771755
4,28,88,0.9705428725329314
4,29,88,0.9794913164520082
4,30,88,0.9684752893432216
4,1,89,1.0
4,2,89,1.0
4,3,89,0.8522380938490096
4,4,89,0.8740080687801822
4,5,89,0.7064502030569364
4,6,89,0.723525874775527
4,7,89,0.8630668223769942
4,8,89,0.9111688540574382
4,9,89,0.8069057905749062
4,10,89,0.808559071049897
4,11,89,0.791653000835735
4,12,89,0.9142342503092387
4,13,89,0.9069850635425143
4,14,89,0.845139965846649
4,15,89,0.8386554782113208
4,16,89,0.8610089406633151
4,17,89,0.9000971202980734
4,18,89,0.9029827356355692
4,19,89,0.9095640539688233
4,20,89,0.9312159928844453
4,21,89,0.9238666759149853
4,22,89,0.9342771360006955
4,23,89,0.9295182340120365
4,24,89,0.9238340341923917
4,25,89,0.9482823715718179
4,26,89,0.9195622486061366
4,27,89,0.9295055903059412
4,28,89,0.9697662582524827
4,29,89,0.9534597178720188
4,30,89,0.9648649933637172
4,1,90,1.0
4,2,90,1.0
4,3,90,0.5638868817242096
4,4,90,0.6693361093443113
4,5,90,0.7288069519758799
4,6,90,0.7668082609139639
4,7,90,0.766852705220311
4,8,90,0.7898861253580365
4,9,90,0.8385617547334056
4,10,90,0.8613742554130208
4,11,90,0.8800690297266979
4,12,90,0.8714405977962754
4,13,90,0.873184856636115
4,14,90,0.8182080479813948
4,15,90,0.8587049365049594
4,16,90,0.8999734825038116
4,17,90,0.8866010110415786
4,18,90,0.9128515354095158
4,19,90,0.8733889040169899
4,20,90,0.8956547274865341
4,21,90,0.9041255682688887
4,22,90,0.8837322121657929
4,23,90,0.8839863135927511
4,24,90,0.8844408023960632
4,25,90,0.8897900443850646
4,26,90,0.9529753372878939
4,27,90,0.9327572135526391
4,28,90,0.9227195999405147
4,29,90,0.9330290474160486
4,30,90,0.9387323341053284
4,1,91,1.0
4,2,91,1.0
4,3,91,0.7346617190723882
4,4,91,0.8298417314164513
4,5,91,0.9087399100471921
4,6,91,0.7786398380315479
4,7,91,0.8879927227230885
4,8,91,0.8995631212784938
4,9,91,0.873052473353062
4,10,91,0.8642600483788877
4,11,91,0.895278435836292
4,12,91,0.8795910006153004
4,13,91,0.8879582594614457
4,14,91,0.9436825449650872
4,15,91,0.9128460955724652
4,16,91,0.9046216550808404
4,17,91,0.8967355391201525
4,18,91,0.9337740629054495
4,19,91,0.9302974429979086
4,20,91,0.9346500900951599
4,21,91,0.9071115544577801
4,22,91,0.9052465621648333
4,23,91,0.9306285471115133
4,24,91,0.9336107622998849
4,25,91,0.9505053225980772
4,26,91,0.9601051123841758
4,27,91,0.9692506665027834
4,28,91,0.9521951626929781
4,29,91,0.9726916104072421
4,30,91,0.9630653328458918
4,1,92,1.0
4,2,92,1.0
4,3,92,0.6948737245382229
4,4,92,0.7366554364678685
4,5,92,0.7883314073313272
4,6,92,0.7678475728696619
4,7,92,0.8794773852162879
4,8,92,0.8961081340780072
4,9,92,0.9054217172127368
4,10,92,0.8735828935866228
4,11,92,0.8752295096083436
4,12,92,0.8280265987787544
4,13,92,0.8120848169958276
4,14,92,0.906003823937039
4,15,92,0.9026389132336319
4,16,92,0.9380047618757328
4,17,92,0.9465181139427644
4,18,92,0.9344233162011224
4,19,92,0.917413786611546
4,20,92,0.9250692940521185
4,21,92,0.9388259595719757
4,22,92,0.9416445071913725
4,23,92,0.9375905156952931
4,24,92,0.9543984483191004
4,25,92,0.9324963232915817
4,26,92,0.9356090714929263
4,27,92,0.9630219092643707
4,28,92,0.9464810644276855
4,29,92,0.9653242340761923
4,30,92,0.9451777867837564
4,1,93,1.0
4,2,93,1.0
4,3,93,0.7698890483295567
4,4,93,0.5533634406924766
4,5,93,0.7401110733860063
4,6,93,0.800647975720077
4,7,93,0.7979337733310363
4,8,93,0.9067692500118664
4,9,93,0.8438139238266075
4,10,93,0.8147723783071263
4,11,93,0.8229419034243871
4,12,93,0.8690685958046972
4,13,93,0.8380699983524875
4,14,93,0.866127463210708
4,15,93,0.8319296434107813
4,16,93,0.8719582278907357
4,17,93,0.8965491278463251
4,18,93,0.8847260514018732
4,19,93,0.9542815570127856
4,20,93,0.9397022074911479
4,21,93,0.9220639144424321
4,22,93,0.9132731606689631
4,23,93,0.9211741919950477
4,24,93,0.9422592651041696
4,25,93,0.9292442638325171
4,26,93,0.9433990527740748
4,27,93,0.9461067015684187
4,28,93,0.9645423931895278
4,29,93,0.9403644709559624
4,30,93,0.9573870326243998
4,1,94,1.0
4,2,94,1.0
4,3,94,0.8489374492505917
4,4,94,0.8270112113026161
4,5,94,0.8712507994088726
4,6,94,0.8383945029626083
4,7,94,0.8765682550496177
4,8,94,0.8570973490316685
4,9,94,0.8542866146481077
4,10,94,0.8450383726703123
4,11,94,0.8842208496163145
4,12,94,0.8989872858497202
4,13,94,0.9448302238747985
4,14,94,0.9417533366346583
4,15,94,0.9459914388353321
4,16,94,0.95140556799398
4,17,94,0.9617565236201324
4,18,94,0.9565606035416916
4,19,94,0.9412601560978572
4,20,94,0.9404748730645491
4,21,94,0.9452431530072842
4,22,94,0.9584417163082329
4,23,94,0.9631729043782927
4,24,94,0.9502477690007753
4,25,94,0.9665390091949604
4,26,94,0.9704367212652841
4,27,94,0.9720050571107037
4,28,94,0.9723374632820496
4,29,94,0.9761873554343237
4,30,94,0.9686802668048274
4,1,95,1.0
4,2,95,1.0
4,3,95,0.437055398868404
4,4,95,0.5886394369650688
4,5,95,0.5971919167624544
4,6,95,0.6885729770209285
4,7,95,0.845467734923736
4,8,95,0.8509162490205886
4,9,95,0.8201216128520775
4,10,95,0.8245518491675418
4,11,95,0.825753082908602
4,12,95,0.8459826723254776
4,13,95,0.8781229368872296
4,14,95,0.8768458238932023
4,15,95,0.8661903985231147
4,16,95,0.8896883431937771
4,17,95,0.9272060368759406
4,18,95,0.8816174583106954
4,19,95,0.8647056925443257
4,20,95,0.8596889572362169
4,21,95,0.9173519373386986
4,22,95,0.9426731396766327
4,23,95,0.9363134210674385
4,24,95,0.9188109692217473
4,25,95,0.9085122482898736
4,26,95,0.9326177365770005
4,27,95,0.9286140709722919
4,28,95,0.9422186217709669
4,29,95,0.939404434219762
4,30,95,0.9303643574367243
4,1,96,1.0
4,2,96,1.0
4,3,96,0.7825881413377329
4,4,96,0.5739773181622427
4,5,96,0.728284951309106
4,6,96,0.6335367629400187
4,7,96,0.7242431521015305
4,8,96,0.7328359606630962
4,9,96,0.7839954646790342
4,10,96,0.8082221750022639
4,11,96,0.8059149067064358
4,12,96,0.8489805848646336
4,13,96,0.8560264193063429
4,14,96,0.9214529932741087
4,15,96,0.9339703578809609
4,16,96,0.9336091778963778
4,17,96,0.9377945369651125
4,18,96,0.9436325476319756
4,19,96,0.9321829126583038
4,20,96,0.943144770042435
4,21,96,0.959243079621527
4,22,96,0.968577453157079
4,23,96,0.9672106480475866
4,24,96,0.9627038977202959
4,25,96,0.9650757849257178
4,26,96,0.9552119640121435
4,27,96,0.9571434601105416
4,28,96,0.9578433758822269
4,29,96,0.9519386270477705
4,30,96,0.9588139965780076
4,1,97,1.0
4,2,97,1.0
4,3,97,0.7439276298052778
4,4,97,0.6250313598985028
4,5,97,0.8397266847853788
4,6,97,0.8910635590091107
4,7,97,0.7663164869101855
4,8,97,0.830858921766079
4,9,97,0.915019541910537
4,10,97,0.9162262130600366
4,11,97,0.9165251076282326
4,12,97,0.9292905165458193
4,13,97,0.9302672132506427
4,14,97,0.9139377270115966
4,15,97,0.9236419903266555
4,16,97,0.9194496143616679
4,17,97,0.9321007570589397
4,18,97,0.9509488079111607
4,19,97,0.9467334367516721
4,20,97,0.9470013178922279
4,21,97,0.9490289358261544
4,22,97,0.9451561983332308
4,23,97,0.9518738498607258
4,24,97,0.951395918367717
4,25,97,0.9618259810026468
4,26,97,0.9695691084063915
4,27,97,0.9534177950993892
4,28,97,0.958791139110601
4,29,97,0.9518788581456841
4,30,97,0.9683925549326814
4,1,98,1.0
4,2,98,1.0
4,3,98,0.39658201063772464
4,4,98,0.8337754009874676
4,5,98,0.8614602796576596
4,6,98,0.8461932802507419
4,7,98,0.8676759102002625
4,8,98,0.9251757990935833
4,9,98,0.937222987169265
4,10,98,0.9421416469006672
4,11,98,0.9386748421422041
4,12,98,0.9393141994193126
4,13,98,0.9401316649157002
4,14,98,0.9042349339707306
4,15,98,0.9002517031827273
4,16,98,0.9360225366595329
4,17,98,0.9449406912212484
4,18,98,0.9337451267873912
4,19,98,0.9513665389479598
4,20,98,0.9228010004834442
4,21,98,0.9387213863806276
4,22,98,0.9411903151661073
4,23,98,0.9458535614566284
4,24,98,0.933237670736467
4,25,98,0.9427689009020823
4,26,98,0.9439712123771458
4,27,98,0.9394677142923511
4,28,98,0.9452566574336555
4,29,98,0.9453921662233494
4,30,98,0.9630833266291189
4,1,99,1.0
4,2,99,1.0
4,3,99,0.8445481407162262
4,4,99,0.8126333959216909
4,5,99,0.8365680782226144
4,6,99,0.8047362724960352
4,7,99,0.8369002346461514
4,8,99,0.8936485132999616
4,9,99,0.8657109480275545
4,10,99,0.9047929628775984
4,11,99,0.900249984437743
4,12,99,0.9198727707288022
4,13,99,0.9144282675608953
4,14,99,0.9305484506375644
4,15,99,0.9168524201110774
4,16,99,0.9336388425230141
4,17,99,0.9354464002007655
4,18,99,0.9256315250588584
4,19,99,0.9403383196603021
4,20,99,0.9509955277228861
4,21,99,0.9571441241632246
4,22,99,0.945294311764832
4,23,99,0.9437852437895464
4,24,99,0.9508980165267473
4,25,99,0.9540046875683525
4,26,99,0.9455090304494548
4,27,99,0.9591965306831253
4,28,99,0.9487740055310985
4,29,99,0.9593428084770533
4,30,99,0.9720801925100537
